"Q3.5","Q3.6","Q5.1","Q5.2","Q5.3","Q5.4","Q3.1","region"
9.33333333333333,9.33333333333333,7,7.5,8.66666666666667,3,7,"South Asia"
9,8.75,NA,8.2,6,4,5,"South Asia"
9,9.5,6,9.25,6.5,5,4,"South Asia"
8.75,8.75,2.5,9.25,6.75,4.4,5,"South Asia"
7,8.25,4.66666666666667,6.5,5.8,2.5,4,"South Asia"
5.83333333333333,7,3.5,4.5,7.33333333333333,0.6,5.66666666666667,"Sub-Saharan Africa"
6.6,8.25,2.5,4.66666666666667,7.25,1.75,7,"Sub-Saharan Africa"
6.28571428571429,7,3,5.75,7.4,0.75,5.6,"Sub-Saharan Africa"
8,7.5,5.33333333333333,5.83333333333333,4.8,8,3.5,"Sub-Saharan Africa"
7,7.2,2.5,4.75,7,2.25,5.75,"Sub-Saharan Africa"
7.11111111111111,8.44444444444444,6.55555555555556,5.875,7.7,4.4,5.71428571428571,"Europe & Central Asia"
5.25,7,3.75,3.8,8.375,2.2,2.4,"Europe & Central Asia"
6.8,8.25,4.6,6.75,7.5,3.66666666666667,6,"Europe & Central Asia"
3.5,5.5,5.5,5.33333333333333,4.66666666666667,2,4.28571428571429,"Europe & Central Asia"
7.5,8.66666666666667,6.4,5.85714285714286,7.44444444444444,5,5.375,"Europe & Central Asia"
7.11111111111111,8.125,8.36363636363636,6.66666666666667,5.11111111111111,6.81818181818182,6.4,"Europe & Central Asia"
3.21428571428571,5.46153846153846,6.66666666666667,5.16666666666667,6.8,3.11111111111111,8,"Latin America & Caribbean"
8.91666666666667,8.92857142857143,4.55555555555556,7,2.5,8,3.07692307692308,"Latin America & Caribbean"
8.5,10,4.33333333333333,7,2,8.66666666666667,10,"Latin America & Caribbean"
2.3,3.90909090909091,7.33333333333333,6.66666666666667,7,1.75,6.4,"Latin America & Caribbean"
9,8.33333333333333,6.5,NA,4,NA,10,"Latin America & Caribbean"
8.15384615384615,8.46666666666667,4.4,6.4,2.75,7.66666666666667,6.25,"Latin America & Caribbean"
2.44444444444444,3.85714285714286,5.75,3,4,2.28571428571429,4.1,"Latin America & Caribbean"
5.16666666666667,5.66666666666667,5.4,6,3,5,8.66666666666667,"Latin America & Caribbean"
6.125,5.2,7.25,7,5,5.6,7.75,"Latin America & Caribbean"
6.7,6.22222222222222,3.85714285714286,1.33333333333333,6.66666666666667,3.8,0.9375,"Latin America & Caribbean"
3.66666666666667,5.33333333333333,3.66666666666667,3.33333333333333,5,1.44444444444444,7,"Europe & Central Asia"
8.55555555555556,8.7,1.6,2.09090909090909,5.875,5.22222222222222,5.16666666666667,"Europe & Central Asia"
7.5,8.25,2.6,4.125,4.4,4.5,6.44444444444444,"Europe & Central Asia"
NA,NA,NA,NA,NA,NA,NA,"Latin America & Caribbean"
NA,NA,NA,NA,NA,NA,NA,"Latin America & Caribbean"
2.63636363636364,4.44444444444444,5.77777777777778,3.55555555555556,2.77777777777778,2.09090909090909,1.85714285714286,"East Asia & Pacific"
2.42857142857143,4.88888888888889,6.75,4.83333333333333,1.9,3,3.5,"East Asia & Pacific"
4.5,4.5,3.66666666666667,2.5,4.2,0.6,2,"East Asia & Pacific"
7.81818181818182,7.81818181818182,5.42857142857143,4.85714285714286,4.77777777777778,2.16666666666667,5,"East Asia & Pacific"
5.1,6.11111111111111,5.25,5.625,1.5,3.75,7.63636363636364,"East Asia & Pacific"
4.81818181818182,5.77777777777778,8,5.88888888888889,1.6,3.55555555555556,7.81818181818182,"East Asia & Pacific"
5.25,6.3,6.28571428571429,5.44444444444444,1.77777777777778,4.3,7.1,"East Asia & Pacific"
3.57142857142857,3.57142857142857,3.25,2.8,3.75,1.25,3.2,"East Asia & Pacific"
6.76923076923077,8.38461538461539,4.84615384615385,5.93333333333333,2.0625,4.25,7.33333333333333,"Europe & Central Asia"
9,9.61111111111111,2.66666666666667,3.2,8.07142857142857,7,7.2,"Europe & Central Asia"
2.25,2.3125,5.4,4,2.55555555555556,1.22222222222222,8.27777777777778,"Europe & Central Asia"
3.77777777777778,5.7,4,3.11111111111111,7.44444444444444,1,2.61538461538462,"Europe & Central Asia"
3.35294117647059,3.75,5.16666666666667,5.35714285714286,2.125,1.93333333333333,3.36842105263158,"Europe & Central Asia"
1.85,2.33333333333333,5.21428571428571,3,1.75,1,2.73684210526316,"Europe & Central Asia"
NA,NA,NA,NA,NA,NA,0,"Europe & Central Asia"
NA,NA,NA,NA,NA,NA,0,"Europe & Central Asia"
NA,NA,NA,NA,NA,NA,0,"Europe & Central Asia"
NA,NA,NA,NA,NA,NA,0,"Europe & Central Asia"
NA,NA,NA,NA,NA,NA,0,"Europe & Central Asia"
10,10,10,10,0,0,NA,"Europe & Central Asia"
NA,NA,NA,NA,NA,NA,0,"Europe & Central Asia"
10,10,10,10,0,0,0,"Europe & Central Asia"
NA,NA,NA,NA,NA,NA,0,"Europe & Central Asia"
NA,NA,NA,NA,NA,NA,0,"Europe & Central Asia"
5.5,6,0,0,8,1.5,7,"Sub-Saharan Africa"
NA,8,1,0,NA,10,NA,"Sub-Saharan Africa"
2,1.5,NA,NA,0,8,1,"Sub-Saharan Africa"
2.6,3.5,5,7,2.16666666666667,3.625,8,"Europe & Central Asia"
9.25,9.08333333333333,1.66666666666667,1.125,9.33333333333333,6.14285714285714,5.375,"Europe & Central Asia"
3.27272727272727,3.8,5.6,5.66666666666667,2,3.14285714285714,7.25,"Europe & Central Asia"
2.18181818181818,2.8,4.33333333333333,2,2.5,2.2,3.18181818181818,"Europe & Central Asia"
2.77777777777778,3.44444444444444,5.25,NA,2.42857142857143,3.125,3.8,"Europe & Central Asia"
7.85714285714286,7.16666666666667,2.875,6.25,3.75,6.14285714285714,8.27272727272727,"Europe & Central Asia"
2.72727272727273,3.5,5.71428571428571,4.8,2.28571428571429,3,7.75,"Europe & Central Asia"
3.22222222222222,4,5.5,5,2.42857142857143,3.625,2.25,"Europe & Central Asia"
2.44444444444444,3.1,5.5,5,2.57142857142857,3,3.4,"Europe & Central Asia"
8,8.54545454545454,3.33333333333333,1.8,8.875,2.33333333333333,0.666666666666667,"Europe & Central Asia"
NA,NA,7,4,NA,NA,NA,"Sub-Saharan Africa"
4,NA,7,4,NA,4,NA,"Sub-Saharan Africa"
NA,4,7,NA,7,3,8,"Sub-Saharan Africa"
NA,NA,7,NA,8,NA,7,"Sub-Saharan Africa"
8,7,8,NA,7,NA,7,"Sub-Saharan Africa"
7,NA,NA,4,4,4,4,"Sub-Saharan Africa"
7,NA,NA,NA,NA,4,4,"Sub-Saharan Africa"
4,NA,NA,NA,7,NA,NA,"Sub-Saharan Africa"
4,NA,8,4,8,NA,NA,"Sub-Saharan Africa"
NA,NA,7,4,4,NA,4,"Sub-Saharan Africa"
1,3.33333333333333,6,7.5,NA,4,7.5,"Sub-Saharan Africa"
3.5,3.66666666666667,6,7.66666666666667,5,6.33333333333333,3,"Sub-Saharan Africa"
2,3,4,NA,4,NA,NA,"Sub-Saharan Africa"
5,3,8,2,7,2,1,"Sub-Saharan Africa"
1.33333333333333,1.66666666666667,2,3,5.25,1.66666666666667,1.6,"Sub-Saharan Africa"
5.66666666666667,3.33333333333333,4.5,7,8,7,4.66666666666667,"Sub-Saharan Africa"
1,1.5,4,NA,NA,7,7,"Sub-Saharan Africa"
1,0,7,7,7.66666666666667,2,8,"Sub-Saharan Africa"
4.5,1.66666666666667,4.5,3,6,2.33333333333333,2,"Sub-Saharan Africa"
2,3,NA,NA,4,NA,7,"Sub-Saharan Africa"
7.625,9.28571428571429,7.75,8.625,8.4,9.75,3.83333333333333,"South Asia"
5.625,8.71428571428571,9.25,9.5,8,8.4,5.6,"South Asia"
8,9.8,9,8,7.75,10,7.2,"South Asia"
7.85714285714286,8.71428571428571,7.33333333333333,8.42857142857143,7.75,9.71428571428571,6.83333333333333,"South Asia"
8,8.85714285714286,9,10,7.75,9.5,7.85714285714286,"South Asia"
5.42857142857143,6.71428571428571,5,4,6.4,9,5.33333333333333,"South Asia"
6.125,7,5,4.8,6.4,7.5,5.44444444444444,"South Asia"
7.125,7.625,3,2.42857142857143,7.8,3.5,2.66666666666667,"Europe & Central Asia"
6.42857142857143,8,4.125,4.42857142857143,4,7.28571428571429,6,"Europe & Central Asia"
4,5,5.14285714285714,6.2,2.66666666666667,4.75,4.4,"Europe & Central Asia"
9.44444444444444,9.88888888888889,2.625,4.33333333333333,8.85714285714286,7.83333333333333,2.85714285714286,"Europe & Central Asia"
9.5,9.25,2.57142857142857,4.75,9,6,6.6,"Europe & Central Asia"
6,4.5,9,9,6.5,9,3,"Middle East & North Africa"
8,7,10,9,10,10,2,"Middle East & North Africa"
8,7,7,8.5,10,10,2.5,"Middle East & North Africa"
6.33333333333333,6,4,NA,8.5,NA,3,"Latin America & Caribbean"
8,6.66666666666667,8,7,7,7,4,"Latin America & Caribbean"
6,6,5.5,7,NA,7,3,"Latin America & Caribbean"
9.44444444444444,9.44444444444444,6.33333333333333,6,4.6,7.66666666666667,4.28571428571429,"Europe & Central Asia"
5.22222222222222,6.88888888888889,4.28571428571429,6,7.83333333333333,4.66666666666667,2.22222222222222,"Europe & Central Asia"
7.75,8,3.75,3.75,6.75,4.5,4,"Europe & Central Asia"
9,9.22222222222222,5.85714285714286,6.66666666666667,5.5,8,5,"Europe & Central Asia"
1.66666666666667,3.66666666666667,3.83333333333333,2.25,9,3.16666666666667,2.5,"Europe & Central Asia"
8.42857142857143,9.125,4.83333333333333,7,5.5,7,4,"Europe & Central Asia"
7.4,8.6,4.33333333333333,4.25,5.66666666666667,4,3.66666666666667,"Europe & Central Asia"
8.5,9.25,6.4,6.6,5.71428571428571,6.16666666666667,3.5,"Europe & Central Asia"
3.875,6.25,5.33333333333333,6,6.85714285714286,5,2.11111111111111,"Europe & Central Asia"
8,8.33333333333333,3.5,5.66666666666667,6.66666666666667,4.25,5.75,"Europe & Central Asia"
9.66666666666667,8,0.5,1,10,9,0.333333333333333,"Europe & Central Asia"
9.66666666666667,8.33333333333333,0.5,0.5,10,9.5,0,"Europe & Central Asia"
9.33333333333333,8.33333333333333,0,3.5,10,7,1,"Europe & Central Asia"
9,NA,NA,NA,NA,NA,3,"Europe & Central Asia"
9.66666666666667,8.66666666666667,1,1,10,9,0.333333333333333,"Europe & Central Asia"
2.33333333333333,2.5,10,0,3,0.5,8.33333333333333,"Europe & Central Asia"
9,9.5,6.5,4.5,10,5,NA,"Latin America & Caribbean"
8,7.66666666666667,3,3,6,4,5,"Latin America & Caribbean"
NA,7,7,5,3.5,5,7.33333333333333,"Latin America & Caribbean"
5.75,5,4,6.33333333333333,5.5,3,7.6,"Latin America & Caribbean"
7.375,8.42857142857143,3.83333333333333,3.57142857142857,7.4,8.85714285714286,1.75,"Latin America & Caribbean"
3,4.33333333333333,3.8,5,5,2.57142857142857,7.33333333333333,"Latin America & Caribbean"
7.8235294117647,7.64705882352941,6.46153846153846,7.53333333333333,7,6.38461538461539,8.04347826086956,"Latin America & Caribbean"
3.5,4.12,3.41176470588235,4.26086956521739,4.52380952380952,2.26086956521739,2.97058823529412,"Latin America & Caribbean"
4.71428571428571,5.22222222222222,7.68421052631579,8.12,5.57142857142857,3.88,8.51351351351351,"Latin America & Caribbean"
4.39130434782609,4.78260869565217,6.23076923076923,6.14285714285714,4.17647058823529,4.78947368421053,6.1875,"Latin America & Caribbean"
6.27777777777778,6.18181818181818,6.71428571428571,7.65,6.23529411764706,7,8.28571428571429,"Latin America & Caribbean"
7.46153846153846,6.38888888888889,5.93333333333333,7.5625,6.38461538461539,6.38461538461539,8.04545454545454,"Latin America & Caribbean"
3.64,4.54166666666667,7,7,5.53333333333333,3,5.75,"Latin America & Caribbean"
4,4.75,5.92307692307692,6.94444444444444,4.66666666666667,4.53333333333333,6.57894736842105,"Latin America & Caribbean"
8.79411764705882,9.21621621621622,5.04,6.32142857142857,9.25,8.88,8.91666666666667,"Latin America & Caribbean"
3.78571428571429,5.22222222222222,3.19230769230769,2.89285714285714,4.35,2.32,2.43589743589744,"Latin America & Caribbean"
6,7,7.5,4.5,7,3.5,5,"Latin America & Caribbean"
7,7,8,7,7,5.5,7,"Latin America & Caribbean"
4,2,3,4,3.5,4,4,"South Asia"
2,1.33333333333333,4,4,3.66666666666667,4,7,"South Asia"
5.33333333333333,7.25,4.5,5.6,5.5,1.25,5.85714285714286,"Sub-Saharan Africa"
6,6,4.6,7,2.8,3.5,4.66666666666667,"Sub-Saharan Africa"
7.4,9.5,6.2,8,6.6,2.8,4.5,"Sub-Saharan Africa"
3.92857142857143,2.45454545454545,2.72727272727273,2.75,2.44444444444444,2.5,3.41666666666667,"North America"
5.09090909090909,4.5,3.45454545454545,5,2.85714285714286,2.83333333333333,7.14285714285714,"North America"
1.92307692307692,1.63636363636364,5.61538461538461,4.125,1.88888888888889,1.8,2.4375,"North America"
2,1.5,4.45454545454546,7.375,2.07692307692308,1.66666666666667,3.61538461538462,"North America"
2.30769230769231,2.25,3.91666666666667,3.25,2.4,1.55555555555556,2.16666666666667,"North America"
2.85714285714286,2.28571428571429,5.2,2.5,1.42857142857143,2.3,4.75,"Europe & Central Asia"
4.88888888888889,3.75,5.42857142857143,3.55555555555556,2.3,1.16666666666667,7.33333333333333,"Europe & Central Asia"
3.375,2.45454545454545,5.875,1.85714285714286,1.5,2,5.4,"Europe & Central Asia"
3.07142857142857,2.21428571428571,4.9,2.45454545454545,1.42857142857143,2.4,8.3125,"Europe & Central Asia"
2.07142857142857,2,5.58333333333333,2.41666666666667,1.57142857142857,2.2,5.66666666666667,"Europe & Central Asia"
1.54545454545455,2.16666666666667,5.45454545454545,1.63636363636364,1.78571428571429,2.2,2.41176470588235,"Europe & Central Asia"
3.33333333333333,2.63636363636364,3.91666666666667,1.54545454545455,1.57142857142857,2.18181818181818,2.16666666666667,"Europe & Central Asia"
6.90909090909091,4.42857142857143,5.2,2.71428571428571,4,1,0.75,"Europe & Central Asia"
9.05882352941176,9.125,1.6875,0.928571428571428,5.3,2.5,8.11111111111111,"Europe & Central Asia"
9,8.69230769230769,1.54545454545455,1.1,6.375,2,7.3,"Europe & Central Asia"
7.375,7.1,1.875,1.22222222222222,7.66666666666667,2.625,2,"Latin America & Caribbean"
3.72727272727273,4.5,6,7.5,5.28571428571429,5,8.66666666666667,"Latin America & Caribbean"
4,4,3.33333333333333,3.71428571428571,4.42857142857143,3.42857142857143,3.83333333333333,"Latin America & Caribbean"
4,4.6,4.14285714285714,5.375,4.16666666666667,3.875,3.5,"Latin America & Caribbean"
7,4.33333333333333,4.75,3,6.5,2.75,9,"Sub-Saharan Africa"
7.625,8.42857142857143,4.66666666666667,4.16666666666667,6.8,3.6,2.83333333333333,"Sub-Saharan Africa"
3,3.71428571428571,8.5,9.16666666666667,2.6,8.2,7.5,"Sub-Saharan Africa"
5,1,5.66666666666667,5.75,9,3.66666666666667,2.33333333333333,"Sub-Saharan Africa"
3.16666666666667,4,7.75,6,4.2,5.75,3.5,"Sub-Saharan Africa"
6.5,7.33333333333333,4.5,3.5,8,1,8,"Sub-Saharan Africa"
0,1.75,10,8.6,1.66666666666667,9.66666666666667,5,"Sub-Saharan Africa"
5,5.66666666666667,1,3.33333333333333,8.5,1.33333333333333,9,"Sub-Saharan Africa"
1,0,7,9,9.5,3,9,"Sub-Saharan Africa"
2,3,7,10,5.33333333333333,8.5,8,"Sub-Saharan Africa"
4.66666666666667,7.75,1,4,3.5,0,3.66666666666667,"Sub-Saharan Africa"
4.66666666666667,6.33333333333333,5,4.66666666666667,8,2,4.33333333333333,"Sub-Saharan Africa"
1.5,4.66666666666667,5,3.33333333333333,7,5,3.5,"Sub-Saharan Africa"
2,6,9.5,9,6.5,10,3.66666666666667,"Sub-Saharan Africa"
5.5,6.66666666666667,3,2,6.33333333333333,4.66666666666667,8.33333333333333,"Sub-Saharan Africa"
10,10,NA,3,10,NA,NA,"Sub-Saharan Africa"
10,10,NA,3,10,10,NA,"Sub-Saharan Africa"
10,10,NA,3,10,10,NA,"Sub-Saharan Africa"
10,10,NA,3,10,NA,NA,"Sub-Saharan Africa"
10,10,NA,3,10,10,NA,"Sub-Saharan Africa"
10,10,NA,3,10,NA,NA,"Sub-Saharan Africa"
10,10,NA,3,10,NA,NA,"Sub-Saharan Africa"
10,10,NA,3,10,NA,NA,"Sub-Saharan Africa"
10,10,NA,3,10,NA,NA,"Sub-Saharan Africa"
10,10,NA,3,10,NA,NA,"Sub-Saharan Africa"
6,5.66666666666667,1.5,3,9,1.33333333333333,1.33333333333333,"Latin America & Caribbean"
NA,NA,NA,NA,NA,NA,10,"Latin America & Caribbean"
0,3,0,NA,10,0,5.5,"Latin America & Caribbean"
7,6.66666666666667,3.33333333333333,3.33333333333333,6,4,7.5,"Latin America & Caribbean"
1.5,1.5,2,5.33333333333333,5.5,2,4,"Latin America & Caribbean"
7.5,7.33333333333333,2,2.33333333333333,7.33333333333333,8.5,5.75,"Latin America & Caribbean"
4.25,3.66666666666667,1.5,4,9.5,2.66666666666667,2,"Latin America & Caribbean"
9.5,10,1,0,10,NA,10,"Latin America & Caribbean"
6.33333333333333,10,3.33333333333333,5.5,9,4,5,"Latin America & Caribbean"
5,4.33333333333333,2.33333333333333,6.5,6.5,7,7,"Latin America & Caribbean"
10,9.5,9.5,9.5,6,10,3.33333333333333,"Sub-Saharan Africa"
NA,6,5.5,5.5,1,2,7,"Sub-Saharan Africa"
NA,NA,1,1,1,2,4,"Sub-Saharan Africa"
10,10,4.5,4.5,2,0,4,"Sub-Saharan Africa"
4,5.5,6,6,4,7,2.5,"Sub-Saharan Africa"
3,6,9,9.5,7,10,2,"Sub-Saharan Africa"
1,5.5,0,4.5,1,0,0,"Sub-Saharan Africa"
3.5,4,4,6.33333333333333,2.33333333333333,5.5,3,"Sub-Saharan Africa"
6,7,4,7,5.5,3,7,"Sub-Saharan Africa"
6.66666666666667,7,3.5,7,8,2,4,"Sub-Saharan Africa"
4.75,5,6.2,9.5,3,5.5,8.66666666666667,"Sub-Saharan Africa"
8.5,7,2.5,5.33333333333333,9,1,1,"Sub-Saharan Africa"
6.66666666666667,7,3.5,7,7,2,NA,"Sub-Saharan Africa"
5.83333333333333,6.8,5.5,8,8.5,3,6,"Latin America & Caribbean"
2.875,4,2.5,3,5.875,1.66666666666667,1.75,"Latin America & Caribbean"
1.5,3,3,5.6,4.57142857142857,3,4,"Latin America & Caribbean"
6.28571428571429,6.8,7.8,5.8,8.4,3.42857142857143,8.85714285714286,"Latin America & Caribbean"
6.66666666666667,7.33333333333333,6.33333333333333,9.5,8,3.33333333333333,8,"Latin America & Caribbean"
2.8,3.2,5.83333333333333,8.6,3.2,4,6.33333333333333,"Latin America & Caribbean"
8.375,8.14285714285714,6.83333333333333,9,8.16666666666667,4.33333333333333,7.83333333333333,"Latin America & Caribbean"
7.2,7,3.25,8,8.16666666666667,1.75,7.8,"Latin America & Caribbean"
6,6.2,6,8.66666666666667,3,4.375,8.33333333333333,"Latin America & Caribbean"
5.33333333333333,5,3.5,9.66666666666667,6.33333333333333,2,8,"Latin America & Caribbean"
9.25,9.5,9.75,8.33333333333333,1,9.5,0.6,"Latin America & Caribbean"
6.875,6.83333333333333,4,4,4.66666666666667,4,4.33333333333333,"Europe & Central Asia"
6.3,6.3,4.6,6.66666666666667,3,5.25,7.8,"Europe & Central Asia"
4.42857142857143,5.66666666666667,6.2,7.14285714285714,2.5,6.125,8.09090909090909,"Europe & Central Asia"
5.375,5.33333333333333,3.57142857142857,2.85714285714286,5.57142857142857,2.77777777777778,3.6,"Europe & Central Asia"
6.625,6.77777777777778,2.66666666666667,4.66666666666667,4,4,3.55555555555556,"Europe & Central Asia"
9.5,9.5,4,5.83333333333333,9.2,5.75,6.75,"Europe & Central Asia"
3.1,3.44444444444444,4.14285714285714,4.2,3.875,3.28571428571429,2.25,"Europe & Central Asia"
8.85714285714286,8.8,4.57142857142857,4.83333333333333,4.5,4.57142857142857,5.75,"Europe & Central Asia"
8.40740740740741,8.75,2.77272727272727,5.22222222222222,8,8.25,3.83333333333333,"Europe & Central Asia"
3,3.1304347826087,5.6,5.61538461538461,3.17391304347826,2.12,5.2,"Europe & Central Asia"
3.64,3.31818181818182,6.47368421052632,7.35,3.77777777777778,2.45833333333333,7.6551724137931,"Europe & Central Asia"
7.61904761904762,7.45,2.23809523809524,3.76190476190476,6.94736842105263,5.78947368421053,1.62068965517241,"Europe & Central Asia"
2.88235294117647,3.72727272727273,3.76923076923077,2.33333333333333,6.83333333333333,1.36363636363636,6.625,"Europe & Central Asia"
4.16666666666667,4.35294117647059,3.1578947368421,4.06666666666667,3.8421052631579,3.1578947368421,3.20689655172414,"Europe & Central Asia"
9.48275862068965,9.62068965517241,1.95833333333333,1.29166666666667,9.48,7.23809523809524,4.26315789473684,"Europe & Central Asia"
2.57692307692308,2.59090909090909,5.42857142857143,5.4375,3.35,1.33333333333333,7.1764705882353,"Europe & Central Asia"
2.59259259259259,2.86363636363636,7.1875,7,3.26086956521739,1.28,7.92592592592593,"Europe & Central Asia"
2.30769230769231,2.3,4.5,2.54545454545455,2.4,1.69230769230769,2.63636363636364,"Europe & Central Asia"
9.46666666666667,9.76923076923077,1.66666666666667,2.16666666666667,9.21428571428571,7,6.875,"Europe & Central Asia"
2.61538461538462,2.90909090909091,4.85714285714286,7,2.30769230769231,2.25,6.90909090909091,"Europe & Central Asia"
6,5.18181818181818,3.2,4.75,2.46153846153846,2.27272727272727,6.41666666666667,"Europe & Central Asia"
3.375,3.875,5.85714285714286,5.75,2.63636363636364,1.76923076923077,8,"Europe & Central Asia"
2.57142857142857,2.81818181818182,2.6,3.2,2.30769230769231,2.16666666666667,3.42857142857143,"Europe & Central Asia"
5.66666666666667,5.18181818181818,2.66666666666667,2.41666666666667,4.22222222222222,2.33333333333333,1.57894736842105,"Europe & Central Asia"
10,10,0,0,NA,0,0,"Middle East & North Africa"
4,NA,0,NA,NA,NA,0,"Middle East & North Africa"
0,NA,0,NA,1,10,0,"Middle East & North Africa"
3.83333333333333,4.66666666666667,4.66666666666667,3.83333333333333,2.85714285714286,1.75,3.2,"Europe & Central Asia"
3,4,6,5.75,2.16666666666667,3.5,9,"Europe & Central Asia"
4.44444444444444,5,4,6,2.42857142857143,6,7.14285714285714,"Europe & Central Asia"
8.66666666666667,8.44444444444444,1.625,2.83333333333333,3.16666666666667,3.8,4,"Europe & Central Asia"
4.66666666666667,5,3.33333333333333,5,2.42857142857143,6.33333333333333,7,"Europe & Central Asia"
5.57142857142857,5.625,6.6,4.8,2,3.25,8.7,"Europe & Central Asia"
1.9,3.875,6.83333333333333,7,2.57142857142857,4.5,6,"Europe & Central Asia"
5.44444444444444,4.88888888888889,3.66666666666667,6,2.42857142857143,5.66666666666667,3.33333333333333,"Europe & Central Asia"
2.5,4,4,5.5,2.42857142857143,4,2.33333333333333,"Europe & Central Asia"
5.22222222222222,4.75,4.66666666666667,4,2.5,1.5,1.25,"Europe & Central Asia"
8.33333333333333,8.33333333333333,6.5,10,1.66666666666667,8.5,NA,"Latin America & Caribbean"
8.5,9,2,10,2.33333333333333,8.5,NA,"Latin America & Caribbean"
8.66666666666667,8.66666666666667,6.5,7,1.33333333333333,9.25,6,"Latin America & Caribbean"
6,7,2.5,3,4.75,5,3.5,"Latin America & Caribbean"
7.25,8.5,8.5,9.5,2,8.75,7.66666666666667,"Latin America & Caribbean"
4,4,7,5,7,5,7,"Middle East & North Africa"
7.4,8.25,6.66666666666667,4,4.75,4.2,6.33333333333333,"Middle East & North Africa"
6.66666666666667,7.16666666666667,7.5,4.75,4.2,5.2,3.25,"Middle East & North Africa"
8.5,7,8,6,2.5,7.5,3,"Middle East & North Africa"
8,8.25,6.5,4.5,3.6,5.4,5.5,"Middle East & North Africa"
4.6,6,4.33333333333333,7.75,5.5,2,7.83333333333333,"Latin America & Caribbean"
9.2,8.8,2.33333333333333,4.33333333333333,8.5,6.33333333333333,6.25,"Latin America & Caribbean"
8,7.33333333333333,2,2.66666666666667,9,4.33333333333333,6,"Latin America & Caribbean"
7.4,7.2,4.5,7.5,8,6.33333333333333,3,"Latin America & Caribbean"
5.5,3.25,1.6,0.8,8.33333333333333,5.75,1.8,"Latin America & Caribbean"
2,3.2,3.5,3,3.5,2.2,3.33333333333333,"Latin America & Caribbean"
7.75,7.8,4.4,8.25,5.5,3.25,8,"Latin America & Caribbean"
NA,NA,NA,NA,NA,NA,NA,"Middle East & North Africa"
NA,NA,NA,NA,NA,NA,4,"Middle East & North Africa"
NA,NA,NA,NA,NA,NA,4,"Middle East & North Africa"
7,NA,3,2,NA,2,5.33333333333333,"Middle East & North Africa"
NA,NA,NA,NA,NA,NA,3,"Middle East & North Africa"
9,9,NA,NA,NA,NA,3,"Middle East & North Africa"
NA,NA,7,NA,NA,8,2,"Middle East & North Africa"
7,3,10,8,9,10,4,"Middle East & North Africa"
NA,NA,NA,NA,NA,NA,3,"Middle East & North Africa"
NA,7,NA,NA,NA,NA,5,"Middle East & North Africa"
9.25,9.66666666666667,8.25,9,5,10,0.666666666666667,"Sub-Saharan Africa"
3.8,4.02325581395349,2.79487179487179,3.675,3.32432432432432,3,5.39583333333333,"Europe & Central Asia"
3.7,5.1578947368421,6.02222222222222,6.875,6.22641509433962,3.19047619047619,7.72463768115942,"Europe & Central Asia"
3,4.5,6.41304347826087,7.98245614035088,2.83636363636364,5.30952380952381,7.78378378378378,"Europe & Central Asia"
7.53448275862069,7.59322033898305,1.85507246376812,1.75,5.10810810810811,4.88095238095238,2.98611111111111,"Europe & Central Asia"
2.5,3.57377049180328,5.5,6.24324324324324,2.80701754385965,4.44186046511628,4,"Europe & Central Asia"
8.29508196721311,8.31746031746032,1.98507462686567,2.5,4.25714285714286,5.8780487804878,6.84615384615385,"Europe & Central Asia"
7.28985507246377,7.82857142857143,1.80281690140845,1.29577464788732,7.26315789473684,3.42857142857143,1.86206896551724,"Europe & Central Asia"
9.16049382716049,9.35897435897436,3.27272727272727,5.375,8.58730158730159,7.08510638297872,8.97297297297297,"Europe & Central Asia"
8.69230769230769,9.53846153846154,1.36363636363636,3.72727272727273,7.6,6.54545454545455,6.14285714285714,"Europe & Central Asia"
3.90909090909091,4.25,2.33333333333333,4.88888888888889,3.375,3.2,3.14285714285714,"Europe & Central Asia"
3.8,4.33333333333333,1.5,1.66666666666667,4.4,0.666666666666667,6,"Europe & Central Asia"
2.08333333333333,2.38461538461538,4.85714285714286,7.28571428571429,2.88888888888889,1.63636363636364,7.28571428571429,"Europe & Central Asia"
2.53846153846154,2.7,4.85714285714286,5.75,2.58333333333333,1.36363636363636,3.09090909090909,"Europe & Central Asia"
4.125,5.33333333333333,3.75,6,4,1.85714285714286,7.3,"Europe & Central Asia"
7,6.8,5.6,5.83333333333333,3.4,5.2,3.33333333333333,"Sub-Saharan Africa"
7.625,7.25,5.2,5.83333333333333,2.25,5,3.57142857142857,"Sub-Saharan Africa"
7.25,7.6,5.6,5.83333333333333,3.4,5,3.2,"Sub-Saharan Africa"
6.83333333333333,6.25,6.75,6.25,3.33333333333333,4,3,"Sub-Saharan Africa"
7,6.28571428571429,6,5.83333333333333,3.2,5.2,3.2,"Sub-Saharan Africa"
7,6.6,5.6,5.83333333333333,3.5,5.25,3.2,"Sub-Saharan Africa"
7.25,7,5.6,5.71428571428571,2.25,5.25,3.5,"Sub-Saharan Africa"
3.69230769230769,4,5.14285714285714,6.27272727272727,2.88235294117647,3.08333333333333,6.1,"Europe & Central Asia"
4.22222222222222,4.64285714285714,6.125,6.66666666666667,3.21428571428571,2.375,6.8,"Europe & Central Asia"
2.63157894736842,3.28571428571429,5.72727272727273,3.7,2.46666666666667,2.26666666666667,3.66666666666667,"Europe & Central Asia"
2.41176470588235,2.91666666666667,3.61538461538462,4,2.75,2.14285714285714,1.75,"Europe & Central Asia"
4,4.41666666666667,5.91666666666667,6.66666666666667,2.83333333333333,3,8,"Europe & Central Asia"
6.66666666666667,6,4.66666666666667,7.66666666666667,6.25,1.5,6,"Europe & Central Asia"
3,3.36363636363636,4.9,6.4,2.64705882352941,2.42857142857143,3.11111111111111,"Europe & Central Asia"
2.05,2.33333333333333,5.77777777777778,6.125,2.55555555555556,2,7.28571428571429,"Europe & Central Asia"
9.1,9.5,2.2,3.53333333333333,7.94117647058824,4.81818181818182,6.53846153846154,"Europe & Central Asia"
2.4,5.25,5,2.33333333333333,6.33333333333333,2.85714285714286,3.57142857142857,"East Asia & Pacific"
7.18181818181818,8.3,7.5,7.66666666666667,7.28571428571429,7.5,2.16666666666667,"East Asia & Pacific"
3.33333333333333,3,4.5,2.5,5,1.83333333333333,7,"East Asia & Pacific"
2.33333333333333,5,4,2.6,5.4,2.22222222222222,4.71428571428571,"East Asia & Pacific"
5.83333333333333,7.125,6.28571428571429,5.875,5,4.33333333333333,6.2,"East Asia & Pacific"
2.25,3,4.5,3,3.5,2.2,6,"East Asia & Pacific"
2.2,2.42857142857143,6.2,7.75,3,2.11111111111111,6.6,"Europe & Central Asia"
8.5,8.81818181818182,3.85714285714286,2.4,6.5,5,1,"Europe & Central Asia"
2.81818181818182,3.125,6.83333333333333,7.375,2.1,4,6.69230769230769,"Europe & Central Asia"
9.25,9.41666666666667,2.22222222222222,2.375,8.1,7.33333333333333,5.5,"Europe & Central Asia"
2.875,4.28571428571429,3,2.71428571428571,2.4,2,3.625,"Europe & Central Asia"
3.88888888888889,5.2,5.42857142857143,6.57142857142857,3.1,4.625,8,"Europe & Central Asia"
3,3.25,6.66666666666667,7.25,1.33333333333333,1.5,7.14285714285714,"Europe & Central Asia"
2,1,8,9,2,9,NA,"Sub-Saharan Africa"
3,3,10,10,2,10,NA,"Sub-Saharan Africa"
10,10,3,NA,10,4,NA,"Sub-Saharan Africa"
NA,NA,NA,NA,NA,NA,NA,"Sub-Saharan Africa"
NA,NA,NA,NA,NA,NA,NA,"Sub-Saharan Africa"
NA,NA,NA,NA,NA,NA,NA,"Sub-Saharan Africa"
NA,NA,NA,NA,NA,NA,NA,"Sub-Saharan Africa"
NA,NA,NA,NA,NA,NA,NA,"Sub-Saharan Africa"
NA,NA,NA,NA,NA,NA,NA,"Sub-Saharan Africa"
NA,NA,NA,NA,NA,NA,NA,"Sub-Saharan Africa"
9.2972972972973,9.25,1.70967741935484,3.04166666666667,8.57692307692308,7.28571428571429,8.65384615384615,"Europe & Central Asia"
7.44117647058824,7.96969696969697,2.39285714285714,4.6,5.07142857142857,7.82608695652174,7.91666666666667,"Europe & Central Asia"
7.42857142857143,7.125,3.26666666666667,5.2,5.33333333333333,6.875,7,"Europe & Central Asia"
2.68965517241379,3,6.04761904761905,2.95238095238095,5,1.66666666666667,2.52631578947368,"Europe & Central Asia"
5.05882352941176,6.09090909090909,3.3,3.76190476190476,4,4.75,2.125,"Europe & Central Asia"
2.78787878787879,3.07407407407407,5.79166666666667,3.375,3.86666666666667,2.16666666666667,4.66666666666667,"Europe & Central Asia"
3.96296296296296,4,5.33333333333333,3.47058823529412,4.45454545454545,2.4,3.23529411764706,"Europe & Central Asia"
4.27586206896552,4.65,4.51851851851852,3.14285714285714,4.21428571428571,2.66666666666667,3.16216216216216,"Europe & Central Asia"
7.25,6.1764705882353,4.5,4,5.5,1.6,2.70833333333333,"Europe & Central Asia"
9.19354838709677,9.09375,1.75,2.61111111111111,8.9,7,8.08695652173913,"Europe & Central Asia"
5.25,4.75,4.25,4.4,6.33333333333333,3.28571428571429,7.71428571428571,"Europe & Central Asia"
5.57142857142857,7.4,3,7.4,2.33333333333333,5,4.6,"Europe & Central Asia"
4.66666666666667,6.75,3.25,3.5,7.66666666666667,3.5,2.66666666666667,"Europe & Central Asia"
5.33333333333333,6.4,3.8,5.8,2.5,4.5,3.6,"Europe & Central Asia"
8.57142857142857,8.5,5.33333333333333,6.8,8,5.83333333333333,8.4,"Europe & Central Asia"
6,6.5,6.25,7.75,7.75,4,3,"Sub-Saharan Africa"
4.66666666666667,6.5,6,8,7.75,4.75,7.66666666666667,"Sub-Saharan Africa"
NA,NA,NA,NA,NA,NA,NA,"Sub-Saharan Africa"
1,4,NA,10,NA,0,NA,"Sub-Saharan Africa"
7,8,0,3.5,9,8.5,2,"Sub-Saharan Africa"
NA,NA,NA,NA,NA,NA,NA,"Sub-Saharan Africa"
3.5,7,0,4,7,4,8.5,"Sub-Saharan Africa"
1.5,4,3,7,8,1.5,10,"Sub-Saharan Africa"
4,10,9,10,10,10,2.5,"Sub-Saharan Africa"
5.5,6,9,10,10,10,4,"Sub-Saharan Africa"
6,6,9,10,10,10,1,"Sub-Saharan Africa"
1.5,0,10,1,0,0,1,"Sub-Saharan Africa"
5,5.5,9,10,10,10,NA,"Sub-Saharan Africa"
2,6,9,10,10,10,NA,"Sub-Saharan Africa"
9,9,8,7,9,1,NA,"Sub-Saharan Africa"
NA,NA,NA,NA,NA,2,4,"Sub-Saharan Africa"
9,9,8,7,9,1,7,"Sub-Saharan Africa"
7,NA,NA,NA,7,1,7,"Sub-Saharan Africa"
NA,NA,NA,NA,7,1,7,"Sub-Saharan Africa"
9,9,2,1,9,1,2,"Sub-Saharan Africa"
4,3,NA,4,7,1,4,"Sub-Saharan Africa"
6.33333333333333,5.5,6.66666666666667,6.66666666666667,9.5,4,8,"Sub-Saharan Africa"
9.75,10,9.25,9.25,1,9,6.33333333333333,"Sub-Saharan Africa"
1.5,3,4.66666666666667,4.33333333333333,9.5,1.25,4.66666666666667,"Sub-Saharan Africa"
8.57142857142857,8.25,2.36363636363636,2.9,7.23076923076923,6.72727272727273,0.285714285714286,"Europe & Central Asia"
8.92857142857143,9.5,2.63636363636364,7.16666666666667,9.76923076923077,9.33333333333333,6.33333333333333,"Europe & Central Asia"
8.81818181818182,8.81818181818182,3.11111111111111,4.22222222222222,8.25,7,6,"Europe & Central Asia"
4.63636363636364,4.625,4.75,7.75,3.88888888888889,3.57142857142857,7.27272727272727,"Europe & Central Asia"
4.75,5.125,3.4,6.33333333333333,3,3.6,4.8,"Europe & Central Asia"
6.09090909090909,6.7,2.08333333333333,1.5,6.125,4.7,3.14285714285714,"Europe & Central Asia"
2.2,3.88888888888889,5.2,3.75,2.28571428571429,2.1,7.5,"Europe & Central Asia"
7.2,7.90909090909091,4.77777777777778,5.28571428571429,7.55555555555556,5.22222222222222,6.33333333333333,"Europe & Central Asia"
2,6,5.5,3,8,NA,7,"Latin America & Caribbean"
3,2,NA,NA,NA,NA,8,"Latin America & Caribbean"
2,4,NA,NA,NA,3,3,"Latin America & Caribbean"
3,5.5,NA,NA,NA,NA,NA,"Latin America & Caribbean"
2.5,4,2,3,NA,6,1,"Latin America & Caribbean"
9,9,7,NA,NA,9,7.5,"Latin America & Caribbean"
NA,NA,4,NA,NA,NA,NA,"Latin America & Caribbean"
2.5,4,4,NA,NA,4,4,"Latin America & Caribbean"
9,9,NA,NA,NA,9,7,"Latin America & Caribbean"
9,9,NA,NA,NA,8,8,"Latin America & Caribbean"
9,5.5,7,NA,NA,9,8.5,"Latin America & Caribbean"
7.66666666666667,9.33333333333333,NA,8.5,7.33333333333333,9,NA,"Latin America & Caribbean"
6.66666666666667,8.66666666666667,7,9,8.5,5.66666666666667,4,"Latin America & Caribbean"
8,8.77777777777778,4.7,3.125,6,5.6,5.5,"Europe & Central Asia"
7,6.66666666666667,3.75,4.4,4.8,2.75,2.75,"Europe & Central Asia"
3.11111111111111,4.125,6.4,6.33333333333333,5.16666666666667,3.875,5.14285714285714,"Europe & Central Asia"
8.66666666666667,8.375,4.28571428571429,2.83333333333333,5,8.16666666666667,3.5,"Europe & Central Asia"
6.4,6.8,5.4,4.33333333333333,5,7,6.4,"Europe & Central Asia"
6.11111111111111,5.88888888888889,9,8.66666666666667,3.14285714285714,6.57142857142857,4.83333333333333,"Europe & Central Asia"
6.83333333333333,7.5,4.8,4.71428571428571,6.66666666666667,9.5,6.2,"Europe & Central Asia"
3.75,3.77777777777778,7,8.16666666666667,4.42857142857143,4.625,3.16666666666667,"Europe & Central Asia"
9,8.33333333333333,3,1.85714285714286,6.55555555555556,6.83333333333333,3.57142857142857,"Europe & Central Asia"
7.83333333333333,7.85714285714286,3,3,7.66666666666667,5,3.4,"Europe & Central Asia"
4,8,2,5,10,0,3,"Latin America & Caribbean"
6,8,3.5,6.66666666666667,7,1.33333333333333,4,"Latin America & Caribbean"
7.8,6.66666666666667,4.8,2.8,7.25,3.25,1.66666666666667,"Latin America & Caribbean"
6,8,10,6,8.5,6.66666666666667,4,"Latin America & Caribbean"
9,8,9.33333333333333,8.8,10,7.5,6.75,"Latin America & Caribbean"
7.5,NA,NA,7,7,NA,4,"Latin America & Caribbean"
4,5.25,6.5,3.5,7.25,3.5,2.25,"Latin America & Caribbean"
5.5,8,7,4,10,0,4.5,"Latin America & Caribbean"
4.75,6,5.66666666666667,3.6,7,3.25,3,"Latin America & Caribbean"
4.66666666666667,3,3,5,5.5,2,3.5,"Latin America & Caribbean"
9.5,9.26666666666667,5.11111111111111,5.33333333333333,5.66666666666667,9.4,2.66666666666667,"Europe & Central Asia"
0,4,NA,1,7.5,0,NA,"Europe & Central Asia"
8.41666666666667,7.92307692307692,4,3.58333333333333,8.8,5.77777777777778,3.45454545454545,"Europe & Central Asia"
3.16666666666667,4.25,4.5,3,7.25,1.84615384615385,3.84615384615385,"Europe & Central Asia"
NA,NA,NA,NA,NA,NA,NA,"Europe & Central Asia"
2.83333333333333,4.375,3,2.44444444444444,8.3,2.38461538461538,2.66666666666667,"Europe & Central Asia"
1.54545454545455,4.18181818181818,6.25,3.875,6.88888888888889,1.92857142857143,5.44444444444444,"Europe & Central Asia"
2.18181818181818,3,4.4,3,7.77777777777778,2,4.625,"Europe & Central Asia"
6.14285714285714,5.66666666666667,3.5,6.5,4.16666666666667,2.75,4.57142857142857,"East Asia & Pacific"
8.3,7.88888888888889,2.875,5.625,7.6,5,4.125,"East Asia & Pacific"
8.22222222222222,8.375,3.875,6.11111111111111,2.66666666666667,5.16666666666667,3,"East Asia & Pacific"
6.375,5.75,3.8,6,3.4,3.5,4.33333333333333,"East Asia & Pacific"
4.625,5.83333333333333,5.4,7.6,4.4,3.75,6,"East Asia & Pacific"
6.5,6.25,5.4,6.25,4.2,3.66666666666667,4.125,"East Asia & Pacific"
6.57142857142857,5.71428571428571,4.85714285714286,6.4,3.42857142857143,3.75,4.8,"East Asia & Pacific"
5.22222222222222,5.5,5.5,7.75,4.5,4,5.33333333333333,"East Asia & Pacific"
6,6.85714285714286,5.85714285714286,6.71428571428571,4.16666666666667,2.75,4.375,"East Asia & Pacific"
7.16666666666667,5.6,5.66666666666667,6.83333333333333,4,4.66666666666667,4.85714285714286,"East Asia & Pacific"
6.2,6.88461538461539,6.61904761904762,7.21739130434783,5.21428571428571,6.05882352941176,5.05882352941176,"South Asia"
6.31818181818182,7.625,6.25,6.26086956521739,4.66666666666667,6.64705882352941,3.52,"South Asia"
8.61764705882353,8.81818181818182,8,8.4,6.61111111111111,8.03703703703704,7.68965517241379,"South Asia"
5.83333333333333,6.04761904761905,7.42857142857143,7.57142857142857,4.28571428571429,5.81818181818182,4.58823529411765,"South Asia"
2.74074074074074,3.62962962962963,3.70588235294118,4.33333333333333,5.52631578947368,3.66666666666667,1.72222222222222,"South Asia"
3.16666666666667,5.1,4,5.18181818181818,4.875,4,4.6,"South Asia"
8.96296296296296,8.48387096774194,7.77272727272727,8.52,5.23529411764706,7.65217391304348,6.5,"South Asia"
6.72222222222222,7,7,7.52941176470588,5.07142857142857,6.66666666666667,4.9375,"South Asia"
6,6.54545454545455,6.66666666666667,7,4.71428571428571,6,5.71428571428571,"South Asia"
5.92307692307692,6.9375,6,7.30769230769231,4.2,7.3,4.36363636363636,"South Asia"
7.72727272727273,7,2,2,6.54545454545455,1.64285714285714,1.25,"Europe & Central Asia"
3.4,3.88235294117647,4.875,4.45454545454545,2.4,4.61538461538461,5.83333333333333,"Europe & Central Asia"
2.77777777777778,3,6.125,5.27272727272727,2.13333333333333,4.5,7.4,"Europe & Central Asia"
3.11111111111111,3.125,6.25,3.84615384615385,2.46153846153846,2.33333333333333,3.73333333333333,"Europe & Central Asia"
6,6,3.25,3,3.75,3.41666666666667,5,"Europe & Central Asia"
6.71428571428571,7,2.66666666666667,2.2,4.75,2.6,4.5,"Europe & Central Asia"
2.2,2.86666666666667,6.4,4,2.53333333333333,3.2,3.72222222222222,"Europe & Central Asia"
6.44444444444444,6.75,4.1,4,5.22222222222222,4.66666666666667,7.64285714285714,"Europe & Central Asia"
5.1,4.61538461538461,4,3,3.83333333333333,2.69230769230769,2.73684210526316,"Europe & Central Asia"
3.6875,3,5.625,4.08333333333333,2.57142857142857,2,3.4375,"Europe & Central Asia"
4,3.5,8,9,3,8,10,"Middle East & North Africa"
NA,7,NA,NA,NA,NA,NA,"Middle East & North Africa"
5,4,3,3,NA,2,10,"Middle East & North Africa"
NA,7,NA,NA,NA,NA,NA,"Middle East & North Africa"
8,7,7,NA,8,NA,3,"Middle East & North Africa"
NA,NA,3,3,4,3,NA,"Middle East & North Africa"
2,7,NA,4,4,NA,3,"Middle East & North Africa"
NA,8,4,2,4,3,4,"Middle East & North Africa"
3,NA,NA,4,8,4,3,"Middle East & North Africa"
7,NA,7,4,8,NA,3,"Middle East & North Africa"
NA,NA,4,4,7,3,3,"Middle East & North Africa"
8,7,7,NA,8,NA,4,"Middle East & North Africa"
7,NA,NA,4,8,4,3,"Middle East & North Africa"
8,7,7,NA,8,NA,3,"Middle East & North Africa"
5.75,6.16666666666667,4.33333333333333,4.25,6.33333333333333,2.75,5,"Europe & Central Asia"
7.45454545454545,9,3.7,4.5,7.66666666666667,6.33333333333333,7.75,"Europe & Central Asia"
1.8,5.25,7.85714285714286,7.625,1,5,7.81818181818182,"Europe & Central Asia"
1.8,4.22222222222222,5.33333333333333,5.22222222222222,2.14285714285714,4.14285714285714,2.38461538461538,"Europe & Central Asia"
7.90909090909091,8.18181818181818,1.875,1.4,8.44444444444444,4.33333333333333,2.8,"Europe & Central Asia"
6.66666666666667,6.88888888888889,1.77777777777778,0.888888888888889,7.875,1.88888888888889,3.125,"Europe & Central Asia"
3,5.7,5.75,5.25,1.5,5.16666666666667,7,"Europe & Central Asia"
2.18181818181818,4.54545454545455,5.75,6.14285714285714,3.625,3.375,7.36363636363636,"Europe & Central Asia"
1.5,4.90909090909091,4.83333333333333,5.22222222222222,3.25,2.88888888888889,2.91666666666667,"Europe & Central Asia"
7.7,8,6.1,6.18181818181818,1.83333333333333,9.15384615384615,7.5,"Middle East & North Africa"
3.45454545454545,3.9,6.66666666666667,7.16666666666667,8.33333333333333,1.08333333333333,2.27272727272727,"Middle East & North Africa"
3.5,2.16666666666667,2.8,2.75,3,5.66666666666667,4.8,"Middle East & North Africa"
9.07692307692308,9.30769230769231,2.90909090909091,5.27272727272727,3.125,9.25,8.18181818181818,"Middle East & North Africa"
1.54545454545455,2.1,4.66666666666667,4,7.85714285714286,0.615384615384615,1.84615384615385,"Middle East & North Africa"
7.6,6.90909090909091,6.85714285714286,7.44444444444444,3.71428571428571,8.9,2.9,"Middle East & North Africa"
6.57142857142857,4.66666666666667,8.125,7.90909090909091,2,8.81818181818182,2.71428571428571,"Middle East & North Africa"
3,4.58333333333333,4.83333333333333,4,7.16666666666667,1.81818181818182,7.8,"Middle East & North Africa"
7.6,7.25,4.75,7.2,5.125,8.83333333333333,8,"Middle East & North Africa"
3.3,2.625,3.4,4.66666666666667,6.4,2.22222222222222,3.625,"Middle East & North Africa"
3,NA,6,NA,6.5,3,NA,"Europe & Central Asia"
8.82352941176471,8.96969696969697,2.24242424242424,4.46428571428571,5.63636363636364,8.4,7.73076923076923,"Europe & Central Asia"
2.44827586206897,3.17241379310345,5.6875,5.47619047619048,3,1.81481481481481,3.57142857142857,"Europe & Central Asia"
8.88888888888889,9,0.694444444444444,0.75,8.97222222222222,5.76923076923077,3.69565217391304,"Europe & Central Asia"
2.93548387096774,2.79310344827586,4.5,4,3.35,1.86666666666667,2.13513513513514,"Europe & Central Asia"
NA,NA,5.66666666666667,2,10,NA,7.5,"Europe & Central Asia"
1,5,5.25,5.66666666666667,7.5,2.75,10,"Latin America & Caribbean"
NA,NA,0,NA,7,0,4,"Latin America & Caribbean"
NA,NA,0,NA,7,0,4,"Latin America & Caribbean"
10,8.5,1.33333333333333,7.33333333333333,7.5,2.75,8.5,"Latin America & Caribbean"
4.5,5,8,NA,7,3,4,"Middle East & North Africa"
1,4.5,9,NA,NA,3,NA,"Middle East & North Africa"
7,7,9,NA,NA,NA,2,"Middle East & North Africa"
7,7,9,NA,NA,NA,1,"Middle East & North Africa"
7,7,9,NA,NA,NA,2,"Middle East & North Africa"
4.23076923076923,4.90909090909091,3.83333333333333,3,4.55555555555556,1.92307692307692,3.58333333333333,"East Asia & Pacific"
4.64285714285714,4.45454545454545,4.41666666666667,4.75,4.66666666666667,2,1.64285714285714,"East Asia & Pacific"
2.375,3.33333333333333,4.77777777777778,6.375,3.66666666666667,3.88888888888889,3.22222222222222,"East Asia & Pacific"
5.11111111111111,5.36363636363636,6.875,8.08333333333333,4.8,6.8,5.57142857142857,"East Asia & Pacific"
8.6,7.83333333333333,7.2,7.54545454545455,6.77777777777778,6.875,7.90909090909091,"East Asia & Pacific"
3.75,4.75,4,6.2,7,4,6.33333333333333,"East Asia & Pacific"
3.72727272727273,3.7,4.09090909090909,3,3.6,1.66666666666667,2,"East Asia & Pacific"
NA,10,1,1,NA,3,3,"Europe & Central Asia"
9,NA,0,0,7,0,0,"Europe & Central Asia"
NA,NA,0,0,NA,0,10,"Europe & Central Asia"
8,8,2,0,3,3,3,"Europe & Central Asia"
10,10,0,0,10,0,4,"Europe & Central Asia"
NA,3,4.5,3.5,1,1,5,"Europe & Central Asia"
5.5,6.5,3,3,5.33333333333333,5.5,7,"Sub-Saharan Africa"
6.33333333333333,4.33333333333333,3.5,0,3.5,0,3.5,"Sub-Saharan Africa"
7.75,6.16666666666667,2.33333333333333,2.66666666666667,7,3.75,6.5,"Sub-Saharan Africa"
7,2,3.5,4,4.66666666666667,5,NA,"Sub-Saharan Africa"
6.6,7,4.5,4.75,4.5,7,7.5,"Sub-Saharan Africa"
5.66666666666667,7.16666666666667,3.8,4.5,6.2,3.5,5,"Sub-Saharan Africa"
7,2,7,NA,8.5,NA,3,"Sub-Saharan Africa"
6.66666666666667,6.57142857142857,4.5,5.2,5,6.75,7.33333333333333,"Sub-Saharan Africa"
4.6,6.75,2.66666666666667,4,7.5,3.75,6.25,"Sub-Saharan Africa"
7.66666666666667,8,2,5.5,10,4,5.33333333333333,"Europe & Central Asia"
8,8,2,5.5,10,4,5.5,"Europe & Central Asia"
8.5,8,2.33333333333333,4.33333333333333,10,3,5.5,"Europe & Central Asia"
7.75,8,1,5.5,7,6.5,4.5,"Europe & Central Asia"
8,8,2,8,10,1,4.75,"Europe & Central Asia"
8,8,2,3,10,NA,7,"Europe & Central Asia"
8.83333333333333,8.8,8.33333333333333,9.4,2.4,9.16666666666667,5.16666666666667,"East Asia & Pacific"
2.6,5.66666666666667,3.66666666666667,3,9,0.666666666666667,7.5,"East Asia & Pacific"
4.6,6,4.75,5.25,6.33333333333333,4.2,5.5,"East Asia & Pacific"
9,8,4.33333333333333,7,NA,3,4,"East Asia & Pacific"
5.66666666666667,6.11111111111111,2.77777777777778,2,4.25,2.75,1.4,"East Asia & Pacific"
5.125,6.8,3,2.875,5,4.83333333333333,3.3,"East Asia & Pacific"
6.5,7.4,4.33333333333333,7,5,4,7.71428571428571,"East Asia & Pacific"
6.6,6.5,3.2,3.5,5.5,2.83333333333333,3,"East Asia & Pacific"
NA,5.5,7,7,NA,7,8,"Middle East & North Africa"
7,7,NA,7,NA,NA,8,"Middle East & North Africa"
NA,5.5,NA,7,NA,7,3.5,"Middle East & North Africa"
7,NA,0,1,9,2,1.5,"Middle East & North Africa"
1,2,1,1,9,1,8.5,"Middle East & North Africa"
8,4,NA,NA,NA,3,7,"Middle East & North Africa"
8.5,10,NA,4,8,2.5,1.5,"Middle East & North Africa"
NA,0,1,4.5,9,1,4,"East Asia & Pacific"
6,3.66666666666667,7.57142857142857,9.14285714285714,2.4,8.16666666666667,3,"East Asia & Pacific"
6.4,5.16666666666667,9.4,9.16666666666667,2,8.4,4.66666666666667,"Middle East & North Africa"
2.5,2,4,4,3,2,6.66666666666667,"Middle East & North Africa"
6.8,6.6,8.85714285714286,9.5,4,8.42857142857143,5.66666666666667,"Middle East & North Africa"
6.8,5.16666666666667,9.57142857142857,9.5,5.33333333333333,8.2,3.57142857142857,"Middle East & North Africa"
6,5.16666666666667,0.5,1.16666666666667,8.85714285714286,0.428571428571429,6,"Middle East & North Africa"
6.66666666666667,6,4.16666666666667,4,7.28571428571429,1.83333333333333,7.125,"Middle East & North Africa"
5.5,5,7.28571428571429,7.5,5.33333333333333,5,4.8,"Middle East & North Africa"
1,1,4,4,2,3,5.5,"Middle East & North Africa"
6,4.75,6,6.33333333333333,3.33333333333333,7.6,7.42857142857143,"Middle East & North Africa"
7.5,5.4,6.25,5.5,7.33333333333333,2.42857142857143,7.25,"Middle East & North Africa"
6.5,2,10,10,9,10,4,"Middle East & North Africa"
4,NA,NA,NA,NA,4,NA,"Middle East & North Africa"
2,3,NA,9,NA,10,NA,"Middle East & North Africa"
3,0,7,8,NA,10,0,"Middle East & North Africa"
4,4,9,9,8,10,8,"Middle East & North Africa"
NA,NA,NA,NA,NA,NA,NA,"Middle East & North Africa"
NA,NA,NA,NA,NA,NA,NA,"Middle East & North Africa"
NA,NA,NA,NA,NA,NA,NA,"Middle East & North Africa"
2,3,9,9,NA,10,NA,"Middle East & North Africa"
NA,NA,NA,NA,NA,NA,NA,"Middle East & North Africa"
NA,NA,NA,NA,NA,NA,NA,"South Asia"
NA,NA,NA,NA,NA,NA,9,"South Asia"
NA,NA,NA,NA,NA,NA,NA,"South Asia"
NA,NA,NA,NA,NA,NA,NA,"South Asia"
NA,NA,NA,NA,NA,NA,NA,"South Asia"
NA,NA,NA,NA,NA,NA,3,"South Asia"
NA,NA,NA,NA,NA,NA,NA,"South Asia"
NA,NA,NA,NA,NA,NA,10,"South Asia"
NA,NA,NA,NA,NA,NA,7,"South Asia"
5.16666666666667,5.5,5.5,6.25,7.5,7,4,"Sub-Saharan Africa"
3.5,4,5.5,4.25,7.2,5.5,2.66666666666667,"Sub-Saharan Africa"
4.5,5.8,5.5,6.25,6.75,7.66666666666667,4.4,"Sub-Saharan Africa"
6.6,7,5.66666666666667,5.66666666666667,8,3,2,"Sub-Saharan Africa"
7.16666666666667,8.33333333333333,6.5,5.25,8,1.75,4.5,"Sub-Saharan Africa"
7.5,8.33333333333333,8.66666666666667,4.5,7.8,1.75,4.2,"Sub-Saharan Africa"
5.71428571428571,8.33333333333333,4.75,4.25,9.2,1.6,4,"Sub-Saharan Africa"
NA,NA,8.5,7,8.5,2.33333333333333,3.5,"Sub-Saharan Africa"
6.5,8.5,5.66666666666667,4.66666666666667,8.25,2.2,2,"Sub-Saharan Africa"
3.5,4,4.33333333333333,5,7,6.33333333333333,2.66666666666667,"Sub-Saharan Africa"
2.16666666666667,4.71428571428571,6,4.75,4.83333333333333,2.83333333333333,7.55555555555556,"Europe & Central Asia"
7.2,6.6,2,3.33333333333333,8.5,3,3,"Europe & Central Asia"
7.875,7.25,5.25,4.8,7.33333333333333,5,3.4,"Europe & Central Asia"
2.125,3.875,4.8,5,5.25,1.8,8.3,"Europe & Central Asia"
9,7.83333333333333,2.6,4.33333333333333,8.4,5.6,2.83333333333333,"Europe & Central Asia"
8.66666666666667,7.6,4,3.6,7.8,4,3.25,"Europe & Central Asia"
7.66666666666667,7.28571428571429,7.16666666666667,6,5.66666666666667,6.5,3.85714285714286,"Europe & Central Asia"
7.14285714285714,5.66666666666667,4.75,4.85714285714286,7.33333333333333,4.4,3.75,"Europe & Central Asia"
8.25,8.14285714285714,6,4.66666666666667,7.25,6.5,2.75,"Europe & Central Asia"
2.875,4.875,4.75,4.28571428571429,4.2,3.57142857142857,2.7,"Europe & Central Asia"
8,7,3.66666666666667,2,3.66666666666667,2.33333333333333,5.5,"Europe & Central Asia"
1.33333333333333,2,5.5,5,1,1.5,7,"Europe & Central Asia"
9,4.5,5.5,3,9,NA,0.5,"Europe & Central Asia"
1.66666666666667,2.5,6,5,1,1,7.66666666666667,"Europe & Central Asia"
1.66666666666667,2.5,5.5,1,1,1,3.5,"Europe & Central Asia"
9,5.5,1,1,9,1,NA,"Europe & Central Asia"
1.5,4.5,2,1.66666666666667,4.33333333333333,1,6,"Europe & Central Asia"
3,3,5,3.33333333333333,1.66666666666667,2,NA,"Europe & Central Asia"
6,4.5,4,1.33333333333333,5.5,1.5,2,"Europe & Central Asia"
2.5,4.57142857142857,3.85714285714286,4.125,4.6,3.66666666666667,6.66666666666667,"Europe & Central Asia"
8.66666666666667,8.5,2,2.75,7,3.5,3.75,"Europe & Central Asia"
6,7.4,4.25,6.33333333333333,7.33333333333333,4,2.71428571428571,"Europe & Central Asia"
5.5,8,3,4.75,3.33333333333333,4,4,"Europe & Central Asia"
6.42857142857143,5.2,5.57142857142857,6.28571428571429,4.25,6.33333333333333,5.6,"Europe & Central Asia"
3,2.83333333333333,4.14285714285714,4.5,4.25,3.5,8.2,"Europe & Central Asia"
8.125,7.875,4,6.5,9,6.5,6,"Europe & Central Asia"
5,7.25,4.66666666666667,4.8,4.5,8,5,"Europe & Central Asia"
9.71428571428571,9.5,0.75,1.6,9.57142857142857,8,3.25,"Europe & Central Asia"
8.6,8.25,2.66666666666667,2,8.66666666666667,2,1,"East Asia & Pacific"
6.75,7.33333333333333,2.66666666666667,2.66666666666667,8.33333333333333,2,4,"East Asia & Pacific"
8.25,9,2.5,5.33333333333333,7,NA,1,"East Asia & Pacific"
7.66666666666667,6.66666666666667,6.75,8.25,2,9,3.66666666666667,"East Asia & Pacific"
7,8.66666666666667,3.2,2.8,8.5,4.25,5,"East Asia & Pacific"
4.25,4.5,8,7.25,2.5,7,3,"East Asia & Pacific"
2.25,2,5.33333333333333,10,NA,5.5,6,"Middle East & North Africa"
4.5,3,7,8.5,NA,9,4.33333333333333,"Middle East & North Africa"
0.5,0,0,1,2,1,2,"Middle East & North Africa"
1.5,2,4,1,7,0.333333333333333,3,"Middle East & North Africa"
6.5,6.6,2.33333333333333,5.33333333333333,NA,4.33333333333333,4.33333333333333,"Middle East & North Africa"
9.75,9.75,0.666666666666667,1,5.5,4.66666666666667,6,"Middle East & North Africa"
5,3,5.5,7,NA,9,5.6,"Middle East & North Africa"
2.25,1,3.66666666666667,2,3,4,4,"Middle East & North Africa"
3.5,3.8,1.66666666666667,3,3,8,3.33333333333333,"Middle East & North Africa"
2.33333333333333,2.5,4,2,4,4.33333333333333,3,"Middle East & North Africa"
6,6.2,6.66666666666667,8,5.66666666666667,7.25,5.5,"Europe & Central Asia"
4.5,4.5,4.33333333333333,5,5.25,2.5,6.5,"Europe & Central Asia"
7.66666666666667,7.66666666666667,7,6.66666666666667,7,4.25,7.33333333333333,"Europe & Central Asia"
7.75,8.33333333333333,7,6,7.66666666666667,6.66666666666667,2.5,"Europe & Central Asia"
8.25,8.2,6.25,5.5,7,7.25,2.5,"Europe & Central Asia"
6.5,10,1,7,10,7,0,"Sub-Saharan Africa"
6.33333333333333,9,2,5,9.33333333333333,5.25,0.5,"Sub-Saharan Africa"
4.25,6.33333333333333,1.5,7,10,3.66666666666667,8,"Sub-Saharan Africa"
8,9,3.66666666666667,8,9.5,9,1,"Sub-Saharan Africa"
10,10,1,8,10,7,3.33333333333333,"Sub-Saharan Africa"
5.25,6,5.5,7.25,7,7.66666666666667,5,"Sub-Saharan Africa"
9,10,1,7,10,7,0,"Sub-Saharan Africa"
10,10,NA,NA,NA,NA,0,"Sub-Saharan Africa"
8,9,2,8,9.5,9,4,"Sub-Saharan Africa"
8.6,9.8,5,8.66666666666667,8.66666666666667,7.75,3.33333333333333,"Sub-Saharan Africa"
8.75,6.8,7.5,8.2,8.5,6.33333333333333,4.8,"South Asia"
7,7.5,6.4,6.5,7,5.4,6.5,"South Asia"
8.75,7.33333333333333,5.5,8.33333333333333,7,7.66666666666667,5.5,"South Asia"
5.8,7.83333333333333,4.4,2.5,6.66666666666667,3.16666666666667,5.5,"South Asia"
9,8.75,7.75,7.33333333333333,8.5,8.33333333333333,4.8,"South Asia"
4.16666666666667,6.05882352941176,6,6.53333333333333,3.33333333333333,3.9375,6.5,"Latin America & Caribbean"
3.33333333333333,1.33333333333333,6.33333333333333,2,7.6,0.75,5.66666666666667,"Latin America & Caribbean"
3.55,5.15384615384615,5.25,4.81818181818182,4.44444444444444,2.14285714285714,4.23076923076923,"Latin America & Caribbean"
8.69565217391304,9.36363636363636,1.64705882352941,1.10526315789474,8.66666666666667,8.47058823529412,2.65217391304348,"Latin America & Caribbean"
2.63636363636364,4.11764705882353,7.55555555555556,7.61538461538461,3.27272727272727,2.47058823529412,7.52173913043478,"Latin America & Caribbean"
5.64285714285714,5.42857142857143,4.2,3.33333333333333,6.5,6,5.75,"Latin America & Caribbean"
6,7.33333333333333,2.75,5.66666666666667,5.8,6.4,6.5,"Latin America & Caribbean"
4,4.69230769230769,4.33333333333333,6.4,4.75,3.58333333333333,5.75,"Latin America & Caribbean"
4.53333333333333,6.1764705882353,4.22222222222222,3.30769230769231,5.54545454545455,3.05882352941176,3.45,"Latin America & Caribbean"
7.35,7.83333333333333,1.85714285714286,1.875,8.16666666666667,7.41666666666667,2.27272727272727,"Latin America & Caribbean"
2,NA,NA,NA,NA,2,2,"Sub-Saharan Africa"
8,NA,NA,8,NA,NA,7,"Sub-Saharan Africa"
NA,NA,NA,NA,NA,NA,NA,"Sub-Saharan Africa"
NA,NA,NA,NA,NA,2,NA,"Sub-Saharan Africa"
NA,NA,NA,NA,NA,NA,NA,"Sub-Saharan Africa"
NA,NA,NA,NA,7,2,NA,"Sub-Saharan Africa"
8,NA,NA,8,4,8,7,"Sub-Saharan Africa"
NA,NA,NA,8,NA,NA,NA,"Sub-Saharan Africa"
8,NA,NA,8,NA,8,7,"Sub-Saharan Africa"
5.625,6.6,5,6.33333333333333,7,2.8,7.5,"Middle East & North Africa"
5.875,6.25,3.5,5.4,3,6.83333333333333,6.5,"Middle East & North Africa"
7.75,7.71428571428571,2.8,6.6,4.5,3,3,"East Asia & Pacific"
7,6.75,2,6.25,5.2,2.6,4.2,"East Asia & Pacific"
8.5,6.4,3.5,6.66666666666667,4,4.25,1.5,"East Asia & Pacific"
7.2,7.25,1,6.5,3.66666666666667,4,2.5,"East Asia & Pacific"
8,8.5,4.28571428571429,7.88888888888889,4.66666666666667,5.375,4.625,"East Asia & Pacific"
7.2,7.8,2,6.33333333333333,4.25,4,3,"East Asia & Pacific"
6.71428571428571,7.6,2.8,6,5.4,2.8,4.25,"East Asia & Pacific"
8.25,7.75,1.75,6.66666666666667,3.33333333333333,3.4,3,"East Asia & Pacific"
7,7.75,6.14285714285714,8.5,3.16666666666667,7.25,4.88888888888889,"East Asia & Pacific"
7,7.5,1.66666666666667,5.75,3.5,2.75,2.75,"East Asia & Pacific"
5.5,4.75,NA,8,NA,2,4,"Europe & Central Asia"
6,4.75,4,8,NA,4,4,"Europe & Central Asia"
5,3.33333333333333,NA,8,3,3,1,"Europe & Central Asia"
8.75,8,3.5,3.5,8.5,2,4.66666666666667,"Europe & Central Asia"
10,6.66666666666667,3.5,3,8.5,2,3.75,"Europe & Central Asia"
3,3,5.66666666666667,9,3,3,5.8,"Europe & Central Asia"
4,7.5,4,NA,8,2,4,"Europe & Central Asia"
1.66666666666667,2.5,4,8,6,1,2,"Europe & Central Asia"
1.75,2.5,4.5,8,3,2,3.5,"Europe & Central Asia"
8,8.66666666666667,2,6.4,7.6,5.25,5.75,"East Asia & Pacific"
7.4,7.8,2.33333333333333,8.5,8.2,4.6,4.5,"East Asia & Pacific"
8.71428571428571,9,4.16666666666667,6.85714285714286,8.33333333333333,5.4,1.71428571428571,"East Asia & Pacific"
7.33333333333333,8.6,2.8,6.5,7.4,5,3.71428571428571,"East Asia & Pacific"
4.66666666666667,9.5,2,3,5.33333333333333,4,6,"Sub-Saharan Africa"
5.66666666666667,9,2,6,8.66666666666667,4,7.5,"Sub-Saharan Africa"
7,7,2,3.5,9,1,8,"Sub-Saharan Africa"
8,7.66666666666667,3.5,3,6,2.5,2,"Sub-Saharan Africa"
NA,NA,NA,NA,NA,NA,NA,"Sub-Saharan Africa"
6.5,5.33333333333333,7.33333333333333,9.33333333333333,3.33333333333333,8.33333333333333,8.5,"Sub-Saharan Africa"
5,7,3.5,8.33333333333333,5,4.33333333333333,3,"Sub-Saharan Africa"
8,7.66666666666667,3,7.5,3,4.5,3,"Sub-Saharan Africa"
4,6.8,2,7.33333333333333,5.5,4.33333333333333,3.75,"Sub-Saharan Africa"
4.66666666666667,6.66666666666667,3.66666666666667,5.75,6,4.4,4.75,"Sub-Saharan Africa"
5.57142857142857,5.8,8.8,8.28571428571429,3.2,8.16666666666667,3.6,"Sub-Saharan Africa"
4.66666666666667,7,2,3,8.66666666666667,6,4,"Sub-Saharan Africa"
5.625,6.14285714285714,8,5.5,7.85714285714286,4.14285714285714,4.2,"Sub-Saharan Africa"
4.8,7,4.4,4.33333333333333,6,5.6,3.16666666666667,"Sub-Saharan Africa"
5.2,5.5,5,5,4.83333333333333,5.66666666666667,3.6,"Sub-Saharan Africa"
6.5,8.6,4.6,3,8.66666666666667,4.2,4.33333333333333,"Sub-Saharan Africa"
5,6.42857142857143,3.33333333333333,4.57142857142857,6,3.75,4.875,"East Asia & Pacific"
8,6,7,7,5.75,2.66666666666667,NA,"East Asia & Pacific"
6.9,8.08333333333333,8,9.1,5.66666666666667,7.4,5.25,"East Asia & Pacific"
4.14285714285714,6.09090909090909,6.77777777777778,8.2,2.4,8.25,6.75,"East Asia & Pacific"
5,6.25,4.75,6,4.28571428571429,4.5,4.66666666666667,"East Asia & Pacific"
0,10,0,1,8,0,3,"Sub-Saharan Africa"
3,10,NA,NA,NA,0,7,"Sub-Saharan Africa"
0,10,0,3,8,0,2,"Sub-Saharan Africa"
7,10,10,10,2,10,NA,"Sub-Saharan Africa"
0,10,NA,3,8,0,3,"Sub-Saharan Africa"
NA,NA,NA,NA,NA,NA,NA,"Sub-Saharan Africa"
NA,NA,NA,NA,NA,NA,NA,"Sub-Saharan Africa"
NA,NA,NA,NA,NA,NA,NA,"Sub-Saharan Africa"
NA,NA,NA,NA,NA,NA,NA,"Sub-Saharan Africa"
NA,NA,NA,NA,NA,NA,NA,"Sub-Saharan Africa"
NA,NA,NA,NA,NA,NA,NA,"Sub-Saharan Africa"
NA,NA,NA,NA,NA,NA,NA,"Sub-Saharan Africa"
NA,NA,NA,NA,NA,NA,NA,"Sub-Saharan Africa"
NA,NA,NA,NA,NA,NA,NA,"Sub-Saharan Africa"
3.6,5,3.6,5,6,3.25,4,"Sub-Saharan Africa"
3.25,4.75,4,8.33333333333333,7.25,3.33333333333333,3,"Sub-Saharan Africa"
1.5,3.75,3.75,6.25,6.75,3.33333333333333,4.4,"Sub-Saharan Africa"
6.42857142857143,5.55555555555556,5.25,7.875,9,7,5,"Sub-Saharan Africa"
2.125,5.33333333333333,3,4.66666666666667,6.33333333333333,3.6,1.42857142857143,"Sub-Saharan Africa"
2,3.5,4,6.25,6.8,3.33333333333333,4.25,"Sub-Saharan Africa"
3.25,3.75,5.5,5.75,8.33333333333333,1.5,3.25,"Sub-Saharan Africa"
4.7,5.6,3.5,4.16666666666667,7.5,1.6,1.28571428571429,"Sub-Saharan Africa"
3.77777777777778,5.625,3.28571428571429,6.5,6.28571428571429,4.16666666666667,5.85714285714286,"Sub-Saharan Africa"
2.75,3.66666666666667,4,8.5,7,3,3.4,"Sub-Saharan Africa"
NA,NA,NA,NA,NA,NA,NA,"Latin America & Caribbean"
3,4,1,3.5,10,0,8.66666666666667,"Latin America & Caribbean"
2.33333333333333,6,NA,4,10,1.66666666666667,8.66666666666667,"Latin America & Caribbean"
4.33333333333333,7,2,4,10,4,9,"Latin America & Caribbean"
NA,NA,NA,7,NA,NA,9,"Latin America & Caribbean"
9,10,7.33333333333333,5,4,10,2,"Latin America & Caribbean"
8.16666666666667,6.25,2,2.33333333333333,7.14285714285714,3.2,3.2,"Europe & Central Asia"
3.625,2.93333333333333,6.25,6.5,2.15384615384615,1.90909090909091,6.46153846153846,"Europe & Central Asia"
1.94117647058824,1.5,8,6.66666666666667,2,2,4.23076923076923,"Europe & Central Asia"
1.52941176470588,2.52941176470588,5.33333333333333,4.3,1.92307692307692,1.5,6,"Europe & Central Asia"
2.11764705882353,2.1875,4.57142857142857,4.375,1.90909090909091,2,3.2,"Europe & Central Asia"
9.52631578947368,9.47058823529412,0.692307692307692,1.41666666666667,8.75,7.54545454545455,4.09090909090909,"Europe & Central Asia"
4.2,2.875,6.42857142857143,7.5,5.71428571428571,2.66666666666667,2.28571428571429,"Europe & Central Asia"
4.81818181818182,4,4.88888888888889,7.14285714285714,2.16666666666667,2.3,7.85714285714286,"Europe & Central Asia"
7,5.21428571428571,2.84615384615385,2.5,4.625,3,1.65217391304348,"Europe & Central Asia"
1.78947368421053,2.06666666666667,5.16666666666667,3.8,2,1.84615384615385,2.69565217391304,"Europe & Central Asia"
6.5,8.6,2.42857142857143,2.14285714285714,2.16666666666667,2.66666666666667,2.85714285714286,"Europe & Central Asia"
3.28571428571429,3.25,4.66666666666667,4.33333333333333,1.375,2.66666666666667,6,"Europe & Central Asia"
2.11111111111111,2.875,6,6.6,1.75,1.66666666666667,7.6,"Europe & Central Asia"
5.42857142857143,5.42857142857143,6.8,4.83333333333333,1.85714285714286,3.6,3.28571428571429,"Europe & Central Asia"
2,2.25,5.28571428571429,5.33333333333333,1.625,1.83333333333333,3.44444444444444,"Europe & Central Asia"
2.5,3.85714285714286,4,3.25,1.5,1.66666666666667,7.42857142857143,"Europe & Central Asia"
8.1,8.625,2,3.11111111111111,3.625,3,7.88888888888889,"Europe & Central Asia"
6.5,6.42857142857143,5.71428571428571,3.25,2.875,4.25,1.1,"Europe & Central Asia"
5.55555555555556,6.33333333333333,3.5,2.88888888888889,1.75,3,1.8,"Europe & Central Asia"
8,9.11111111111111,7.625,8.25,6.875,8.4,1.22222222222222,"South Asia"
7.2,8.44444444444444,8.5,8.5,5.66666666666667,6.71428571428571,2.44444444444444,"South Asia"
4.75,6.3,7.25,5.57142857142857,4.66666666666667,6.5,5.125,"South Asia"
6.22222222222222,7.25,6.75,5,6,3.85714285714286,3.83333333333333,"South Asia"
6,7,7.85714285714286,7.14285714285714,5.5,5.16666666666667,2.36363636363636,"South Asia"
4.7,6.1,5.57142857142857,6.5,7.6,4.125,7.66666666666667,"South Asia"
5.875,6.83333333333333,7.71428571428571,7.16666666666667,5.85714285714286,6.2,3,"South Asia"
5.625,5.75,6.75,7,6.5,6.4,5.75,"South Asia"
5.77777777777778,6.14285714285714,6.16666666666667,5.375,5.6,4.8,7.25,"South Asia"
6,5.42857142857143,5.16666666666667,4.33333333333333,3.33333333333333,2.6,8.3,"East Asia & Pacific"
4,3.6,5.6,4.66666666666667,1.4,2.625,2.77777777777778,"East Asia & Pacific"
8.22222222222222,8.22222222222222,3.14285714285714,2.375,3.66666666666667,3.16666666666667,6.4,"East Asia & Pacific"
4,3.88888888888889,5.16666666666667,4.25,2.57142857142857,2.71428571428571,4.28571428571429,"East Asia & Pacific"
5.83333333333333,7.5,5.85714285714286,4.5,2.71428571428571,2.33333333333333,7.375,"East Asia & Pacific"
4,4.625,3.85714285714286,3.375,3.25,3.71428571428571,4.57142857142857,"South Asia"
4.75,5,6,5.5,6.4,7.5,5,"South Asia"
5.6,6.66666666666667,6.25,7,7,5.4,6.5,"South Asia"
8,7,8,7,6,7.5,6,"South Asia"
8.72727272727273,9.54545454545454,6.66666666666667,5.66666666666667,9.5,6.5,4.42857142857143,"South Asia"
7.22222222222222,8.14285714285714,6.6,8.125,6.5,6.75,4.71428571428571,"South Asia"
6,5.88888888888889,7.125,6.57142857142857,6.5,5.8,5,"South Asia"
5.83333333333333,7,4.16666666666667,5.6,3.75,5.125,5.8,"South Asia"
5.5,4.6,6.16666666666667,6.625,5.8,7.75,7.22222222222222,"South Asia"
5.33333333333333,6,3.5,4.1,3.88888888888889,5.22222222222222,3.72727272727273,"South Asia"
7.66666666666667,6.25,7.33333333333333,7.33333333333333,3,6.33333333333333,8,"Latin America & Caribbean"
7,2,4.33333333333333,5,NA,4.5,6,"Latin America & Caribbean"
3.5,3.5,2,3,9,1.5,4,"Latin America & Caribbean"
NA,3,7,7,NA,7,8.5,"Latin America & Caribbean"
7.5,4.5,7,7.5,3,5.5,8,"Latin America & Caribbean"
9,7.25,4.5,8,6.5,4,8,"Latin America & Caribbean"
5.6,7.16666666666667,3,4.4,8.8,3.25,1.5,"Latin America & Caribbean"
4.6,5.16666666666667,7,6.6,5.33333333333333,1.5,8.8,"Latin America & Caribbean"
4.25,5.8,6.66666666666667,5.25,6,4.25,5.6,"Latin America & Caribbean"
5.5,6.2,NA,9,4.75,4.5,7.66666666666667,"Latin America & Caribbean"
8.25,8.66666666666667,3.5,7.4,5.2,6,7.33333333333333,"Latin America & Caribbean"
8,6.44444444444444,1.75,2.25,6.5,4,1.66666666666667,"East Asia & Pacific"
3.45454545454545,5.45454545454545,3.125,4.5,5.5,2.66666666666667,6.88888888888889,"East Asia & Pacific"
7.28571428571429,6.63636363636364,3.57142857142857,5.2,6,5.66666666666667,6.44444444444444,"East Asia & Pacific"
7.85714285714286,6.1,3.16666666666667,5.33333333333333,5.6,5.5,7.11111111111111,"East Asia & Pacific"
7.625,7.90909090909091,3.5,5,6.14285714285714,5.55555555555556,7,"East Asia & Pacific"
7.25,7.44444444444444,2,3,6.2,4,6.2,"East Asia & Pacific"
8.5,6.90909090909091,3.66666666666667,5,6.66666666666667,5.83333333333333,5.6,"East Asia & Pacific"
10,9,5,7.5,10,3.66666666666667,3,"East Asia & Pacific"
10,7,9.5,10,9.5,10,9,"East Asia & Pacific"
7,7.2,5,6.33333333333333,10,3.6,3,"East Asia & Pacific"
8.5,7,9.5,10,10,10,6.5,"East Asia & Pacific"
10,7,9.5,10,9.5,10,9,"East Asia & Pacific"
9.4,9.4,5,7.6,6,5.8,5,"East Asia & Pacific"
7.5,6.75,6,9.25,7.33333333333333,6,5,"East Asia & Pacific"
10,8,9.5,5,9.5,2,5,"East Asia & Pacific"
7,7,9.5,10,9.5,7,8,"East Asia & Pacific"
9.25,9,9.5,10,10,9.33333333333333,5.33333333333333,"East Asia & Pacific"
3.72727272727273,3.11111111111111,4.25,4.33333333333333,3.66666666666667,1.75,7.66666666666667,"Europe & Central Asia"
4.33333333333333,6.66666666666667,3.25,1.8,6.66666666666667,3.75,5.57142857142857,"Europe & Central Asia"
9.53846153846154,9.07692307692308,2.5,4.08333333333333,6.42857142857143,7.81818181818182,2.85714285714286,"Europe & Central Asia"
4,3.72727272727273,2.77777777777778,3.44444444444444,3.4,2.23076923076923,3.77777777777778,"Europe & Central Asia"
3.83333333333333,4.375,1.16666666666667,2.28571428571429,8,1.2,1.875,"Europe & Central Asia"
4.375,4.28571428571429,2,2,7,0.6,1.125,"Europe & Central Asia"
5.5,4.83333333333333,1.8,3.6,6.25,1,3,"Europe & Central Asia"
4.83333333333333,3.66666666666667,7.33333333333333,7.83333333333333,2.2,4,7.4,"Europe & Central Asia"
1.71428571428571,1.5,6.5,7.25,2.16666666666667,2.8,2.75,"Europe & Central Asia"
6.125,5.8,4.9,8.42857142857143,5.75,4.2,7.55555555555556,"Latin America & Caribbean"
5,5.14285714285714,4.55555555555556,7.22222222222222,7,3.5,9,"Latin America & Caribbean"
5,3.75,2.5,4,7,0,5,"Latin America & Caribbean"
6,5.22222222222222,4.875,5.66666666666667,8,3,7,"Latin America & Caribbean"
9.6,9.8,5.44444444444444,6.66666666666667,9.6,4.25,6.33333333333333,"Latin America & Caribbean"
4.8,3.77777777777778,4.375,3.57142857142857,8.1,1.875,5,"Latin America & Caribbean"
8,7.22222222222222,4.7,8.44444444444444,4.85714285714286,7.125,7.8,"Latin America & Caribbean"
7.14285714285714,7.75,4.75,7.77777777777778,4.26666666666667,6,7.8,"Europe & Central Asia"
4.5,4.36363636363636,5.16666666666667,6.77777777777778,3.75,3.07142857142857,6.09090909090909,"Europe & Central Asia"
6.64705882352941,7.21428571428571,4.07142857142857,5.78571428571429,6.69230769230769,6.36363636363636,7.75,"Europe & Central Asia"
8.42105263157895,8.57894736842105,2.92857142857143,5.26666666666667,3.5,7.08333333333333,3.94444444444444,"Europe & Central Asia"
7.73333333333333,8,5,6,5.66666666666667,8,7.5,"Europe & Central Asia"
5.31578947368421,5.5,4.17647058823529,4.66666666666667,7.9,4.14285714285714,6.94117647058824,"Europe & Central Asia"
7,6.71428571428571,3.25,5.44444444444444,3.8,6.2,3.66666666666667,"Europe & Central Asia"
8.58333333333333,8.63636363636364,6.66666666666667,7,6.85714285714286,8.125,5,"Europe & Central Asia"
4.28571428571429,3.75,4.5,4,5.5,2,8,"Europe & Central Asia"
2.83333333333333,4.25,1.33333333333333,4,7.16666666666667,1.66666666666667,6.16666666666667,"Europe & Central Asia"
7.28571428571429,8.4,8,6,3,7,3,"Europe & Central Asia"
6,NA,NA,7,8,3,4,"Europe & Central Asia"
6.83333333333333,5.83333333333333,2,2.75,5,5,2,"Europe & Central Asia"
7.4,7.27272727272727,3,4.8,4.83333333333333,6.14285714285714,2.5,"Europe & Central Asia"
7.16666666666667,5.85714285714286,4.33333333333333,7,1,8.75,4.5,"Europe & Central Asia"
3.88888888888889,4.5,3.6,2.81818181818182,6.11111111111111,1.90909090909091,7.33333333333333,"Europe & Central Asia"
5,4.2,2.33333333333333,2.66666666666667,4.33333333333333,2.33333333333333,2.66666666666667,"Sub-Saharan Africa"
3.4,1.75,1.5,3.66666666666667,2,2.5,5,"Sub-Saharan Africa"
5,2,1.66666666666667,1.5,3.8,2.33333333333333,3,"Sub-Saharan Africa"
2.8,3.6,6.5,6.5,1.2,5.33333333333333,4.4,"Sub-Saharan Africa"
3.4,0,2,4,1.75,3,3.25,"Sub-Saharan Africa"
NA,9,7,9,2,4,7,"Sub-Saharan Africa"
NA,8,4,NA,1,2,3,"Sub-Saharan Africa"
0.5,5,2,1,1,0.5,NA,"Sub-Saharan Africa"
10,5,10,10,4,9.5,NA,"Sub-Saharan Africa"
NA,NA,NA,NA,NA,NA,NA,"Sub-Saharan Africa"
NA,NA,NA,NA,NA,NA,NA,"Sub-Saharan Africa"
NA,NA,NA,NA,NA,NA,NA,"Sub-Saharan Africa"
NA,NA,NA,NA,NA,NA,NA,"Sub-Saharan Africa"
NA,NA,NA,NA,NA,NA,NA,"Sub-Saharan Africa"
NA,NA,NA,NA,NA,NA,NA,"Sub-Saharan Africa"
NA,NA,NA,NA,NA,NA,NA,"Sub-Saharan Africa"
NA,NA,NA,NA,NA,NA,NA,"Sub-Saharan Africa"
NA,NA,NA,NA,NA,NA,NA,"Sub-Saharan Africa"
NA,NA,NA,NA,NA,NA,NA,"Sub-Saharan Africa"
7,8,3,3,5,1,4,"East Asia & Pacific"
4.33333333333333,6.66666666666667,3.16666666666667,3.8,3.25,1.57142857142857,4.66666666666667,"East Asia & Pacific"
6.25,6.22222222222222,7.53846153846154,9.53846153846154,1.53846153846154,8.6,3.57142857142857,"East Asia & Pacific"
9,8.5,6,5,5,3.25,3,"East Asia & Pacific"
5.33333333333333,6.4,4.57142857142857,4.8,6.16666666666667,1.5,5.75,"East Asia & Pacific"
NA,8.5,3.5,3,5,2.66666666666667,4,"East Asia & Pacific"
5.45454545454545,5.75,2.7,4.33333333333333,3.83333333333333,1.16666666666667,2.91666666666667,"East Asia & Pacific"
3,8,4.5,6,3.75,2.16666666666667,5.33333333333333,"East Asia & Pacific"
5.5,8.5,5.2,6.66666666666667,7,2.66666666666667,3,"East Asia & Pacific"
4.875,4.875,3.8,5.5,2.11111111111111,1.27272727272727,3.27272727272727,"East Asia & Pacific"
4,4,NA,NA,NA,NA,NA,"East Asia & Pacific"
NA,NA,NA,NA,NA,NA,NA,"East Asia & Pacific"
4,4,NA,NA,NA,NA,NA,"East Asia & Pacific"
4,4,NA,NA,NA,NA,4,"East Asia & Pacific"
4,4,NA,NA,NA,NA,NA,"East Asia & Pacific"
4,4,NA,NA,NA,NA,4,"East Asia & Pacific"
4,4,NA,NA,NA,NA,NA,"East Asia & Pacific"
3,1,NA,9,NA,10,2,"Sub-Saharan Africa"
NA,NA,NA,NA,NA,NA,NA,"Sub-Saharan Africa"
NA,NA,NA,NA,NA,NA,NA,"Sub-Saharan Africa"
NA,NA,NA,NA,NA,NA,NA,"Sub-Saharan Africa"
3,1,NA,9,NA,10,2,"Sub-Saharan Africa"
5.66666666666667,5.25,7.33333333333333,8,7.5,7,8.25,"Latin America & Caribbean"
3.66666666666667,3.66666666666667,3,6.33333333333333,5.5,3,5.75,"Latin America & Caribbean"
4.75,4.75,2.33333333333333,2,6,3,2.75,"Latin America & Caribbean"
5.16666666666667,4.8,3.5,4.6,6,4,2.4,"Latin America & Caribbean"
6.8,6,3.5,7,8.33333333333333,6,7.5,"Latin America & Caribbean"
4.75,5,2.33333333333333,2,6,3,2.75,"Latin America & Caribbean"
4.75,5,2.33333333333333,1.66666666666667,8,3.5,3,"Latin America & Caribbean"
5.25,4.5,7,8.5,6,8.66666666666667,8.2,"Latin America & Caribbean"
5.25,5.25,7,9,7.5,8,8,"Latin America & Caribbean"
5.2,5.2,7.66666666666667,8,6,5.75,8.83333333333333,"Latin America & Caribbean"
8,8,8,9.5,10,9.5,8,"Sub-Saharan Africa"
NA,9,NA,10,9,10,NA,"Sub-Saharan Africa"
9,7,8,9,9,9,9,"Sub-Saharan Africa"
NA,NA,NA,10,10,10,NA,"Sub-Saharan Africa"
10,NA,NA,10,8,10,7,"Sub-Saharan Africa"
3,2,4,7,9,6.5,2,"Sub-Saharan Africa"
3,3,4,6.5,10,7,3,"Sub-Saharan Africa"
3,3,2,1.5,5.5,1,6,"Europe & Central Asia"
2,3.75,4,1.66666666666667,5.25,1.66666666666667,6.5,"Europe & Central Asia"
2.75,2.25,3.25,2.75,5.5,2.5,3.66666666666667,"Europe & Central Asia"
2.66666666666667,2.75,2.5,1.33333333333333,5.5,1.33333333333333,6,"Europe & Central Asia"
10,10,8,8.25,9.5,10,6.33333333333333,"Europe & Central Asia"
9.25,8.25,7.25,7.75,9.5,9.25,6.33333333333333,"Europe & Central Asia"
8.5,8.75,7.5,7.25,8.75,9.25,2.5,"Europe & Central Asia"
8,7,7,8,4,3,9,"Sub-Saharan Africa"
6,6,9,9.5,0,1,2,"Sub-Saharan Africa"
5.5,8,8,8.5,0,2,8,"Sub-Saharan Africa"
5.5,6,4.5,6,10,6,0,"Sub-Saharan Africa"
9,8.5,5.33333333333333,8.5,4,7.5,NA,"Latin America & Caribbean"
8.4,9.25,6,7.25,2.5,8.33333333333333,3.33333333333333,"Latin America & Caribbean"
2.75,3.66666666666667,2,3,5.5,1.33333333333333,3,"Latin America & Caribbean"
2.66666666666667,3,3.33333333333333,5.5,3.5,3.5,4,"Latin America & Caribbean"
6.33333333333333,5,2.33333333333333,2,5,1.5,2.66666666666667,"Latin America & Caribbean"
3.125,3.28571428571429,6.83333333333333,6.75,3,2,7.25,"Europe & Central Asia"
7.42857142857143,8,2.28571428571429,5.5,4.33333333333333,7,3.22222222222222,"Europe & Central Asia"
4.66666666666667,4.33333333333333,4.4,5,4.8,3.42857142857143,8.22222222222222,"Europe & Central Asia"
2,3,NA,NA,3,2.5,7,"Europe & Central Asia"
6.77777777777778,7,2,1.8,7.2,3.28571428571429,7,"Europe & Central Asia"
8.33333333333333,9,1,3.5,9.57142857142857,7.2,3.71428571428571,"Europe & Central Asia"
6.625,7.4,1.33333333333333,5.75,4.33333333333333,6.4,3.28571428571429,"Europe & Central Asia"
7.71428571428571,8.6,1.83333333333333,3.5,8.5,5,4.25,"Europe & Central Asia"
4.77777777777778,6.28571428571429,5.4,5.75,4.42857142857143,5.16666666666667,4.44444444444444,"Europe & Central Asia"
6.27272727272727,6.7,4.625,6.6,4.88888888888889,4.6,2.45454545454545,"Europe & Central Asia"
5.14285714285714,6.46153846153846,3.375,2.77777777777778,5.81818181818182,2.63636363636364,0.75,"Europe & Central Asia"
5.45454545454545,7.42857142857143,5.75,8,4.71428571428571,5.8,3.5,"Europe & Central Asia"
5.11111111111111,5.5,4.71428571428571,6.5,5,3.22222222222222,7.91666666666667,"Europe & Central Asia"
4.9,4.71428571428571,5.25,7.66666666666667,3.85714285714286,4.5,5.44444444444444,"Europe & Central Asia"
9.07692307692308,9.15384615384615,5.11111111111111,6.625,8.08333333333333,4.18181818181818,8.3125,"Europe & Central Asia"
8.71428571428571,8.91666666666667,5.11111111111111,7.88888888888889,9.08333333333333,5.66666666666667,7.2,"Europe & Central Asia"
4.36363636363636,5.57142857142857,4.85714285714286,4.625,3.55555555555556,4.6,2.93333333333333,"Europe & Central Asia"
2.54545454545455,2.5,6,4.8,1.86666666666667,2.41666666666667,7.63157894736842,"Europe & Central Asia"
5.26315789473684,5.1875,3.81818181818182,4.53846153846154,2.23076923076923,2.83333333333333,7.52631578947368,"Europe & Central Asia"
3,2.5,6,4.9,3.22222222222222,3.33333333333333,2.21739130434783,"Europe & Central Asia"
2.83333333333333,2.55555555555556,5.5,4.57142857142857,2.1875,2.54545454545455,3.19047619047619,"Europe & Central Asia"
2.3,2.4,5.4,4.72727272727273,1.93333333333333,2,7.4375,"Europe & Central Asia"
3,2.70588235294118,4.08333333333333,5.91666666666667,1.85714285714286,2.25,7.75,"Europe & Central Asia"
8.70833333333333,8.43478260869565,1.66666666666667,2.0625,7.16666666666667,4.5,7.28571428571429,"Europe & Central Asia"
2.17391304347826,2.05882352941176,5.41666666666667,6,1.625,2.90909090909091,3.60869565217391,"Europe & Central Asia"
3.625,3.80952380952381,4.66666666666667,4.5,2.16666666666667,3.83333333333333,1.51851851851852,"Europe & Central Asia"
7.8,9,3.66666666666667,1,8.5,1.33333333333333,1.25,"Sub-Saharan Africa"
1.33333333333333,7.5,8,9,5.33333333333333,4,0,"Sub-Saharan Africa"
3.5,9,4,6.66666666666667,5.33333333333333,1.5,5.5,"Sub-Saharan Africa"
3,4,2,8.5,8,7,NA,"Middle East & North Africa"
5,8,5,8.5,5,5.5,3,"Middle East & North Africa"
2,4,2,10,7,8,7,"Middle East & North Africa"
10,9,8,9,10,4,NA,"Sub-Saharan Africa"
10,9,8,9,10,4,NA,"Sub-Saharan Africa"
10,9,8,9,10,4,NA,"Sub-Saharan Africa"
10,9,8,9,10,4,NA,"Sub-Saharan Africa"
10,9,8,9,10,4,NA,"Sub-Saharan Africa"
10,8,9,9,7,2,3,"Sub-Saharan Africa"
10,9,8,9,10,4,NA,"Sub-Saharan Africa"
10,10,10,10,4,10,2,"Sub-Saharan Africa"
10,9,8,9,10,4,NA,"Sub-Saharan Africa"
10,9,8,9,10,4,NA,"Sub-Saharan Africa"
NA,NA,NA,NA,NA,NA,NA,"Sub-Saharan Africa"
NA,NA,NA,NA,NA,NA,NA,"Sub-Saharan Africa"
1,0,10,10,1,10,NA,"Sub-Saharan Africa"
NA,4,NA,7,NA,8,NA,"Sub-Saharan Africa"
9.5,7.5,0,9.5,4,NA,NA,"East Asia & Pacific"
NA,3.5,4,NA,NA,NA,NA,"East Asia & Pacific"
6,5,NA,9,7,1.5,7,"East Asia & Pacific"
7,8,3.66666666666667,1.33333333333333,1,0.5,6,"East Asia & Pacific"
3,0,5.5,6.5,NA,3,2,"East Asia & Pacific"
6.5,4.33333333333333,9,9.66666666666667,9.33333333333333,9.5,0,"East Asia & Pacific"
7,9.66666666666667,0.666666666666667,3,2.66666666666667,2.5,3.5,"East Asia & Pacific"
5.5,10,5.5,10,4,2,4,"East Asia & Pacific"
9.5,9.66666666666667,5,3,0,3,NA,"East Asia & Pacific"
1,2,7,5.33333333333333,6.5,2,4,"East Asia & Pacific"
2.5,7.33333333333333,3.66666666666667,6.5,6,4.33333333333333,3.66666666666667,"Europe & Central Asia"
3,9.5,4.33333333333333,5.5,6.66666666666667,4,0,"Europe & Central Asia"
2.5,7.33333333333333,5.5,6.5,6,4.33333333333333,3,"Europe & Central Asia"
8.33333333333333,9.25,5.66666666666667,8.5,5.5,7,3.33333333333333,"Europe & Central Asia"
3,10,4,4,6.66666666666667,4,2,"Europe & Central Asia"
8,9,9.5,10,2,10,NA,"Europe & Central Asia"
4,4,6.5,7,NA,7,NA,"Europe & Central Asia"
4,4,6.5,7,NA,6.5,NA,"Europe & Central Asia"
5.85714285714286,8.5,6,6.75,5.4,7,6.14285714285714,"East Asia & Pacific"
6.66666666666667,5.5,5.5,8,7.5,5.33333333333333,5.5,"East Asia & Pacific"
8,8,3,7.75,7.5,7.66666666666667,5,"East Asia & Pacific"
5.66666666666667,6,3,7.5,7.5,8,4,"East Asia & Pacific"
6.5,7.5,7,9,8.5,6.5,7.33333333333333,"East Asia & Pacific"
5.66666666666667,6.8,4.6,8.25,6.5,4.5,2.14285714285714,"East Asia & Pacific"
2.33333333333333,5.5,2.5,5.25,7.5,5.5,4,"East Asia & Pacific"
4,6,4,6.5,4,4,4.16666666666667,"East Asia & Pacific"
3.5,4.66666666666667,5.5,6.33333333333333,5,3,7,"Latin America & Caribbean"
8,5,8,8.5,1,NA,9,"Latin America & Caribbean"
5.5,8,8,6.33333333333333,2.5,NA,7,"Latin America & Caribbean"
1.2,1.25,5,8.2,7.25,1.8,9.16666666666667,"Middle East & North Africa"
6.6,7.4,3.75,4.5,8.33333333333333,0.8,4,"Middle East & North Africa"
5.66666666666667,7.5,4.5,6.6,7,3.6,8.4,"Middle East & North Africa"
5,6.5,3.33333333333333,6,6.25,4.75,9,"Middle East & North Africa"
3,1.66666666666667,6.25,8,5.4,3.66666666666667,7.66666666666667,"Middle East & North Africa"
8,9,2.25,2.5,9,0.8,1,"Middle East & North Africa"
9.72222222222222,9.83333333333333,5.64705882352941,6.88235294117647,2.53846153846154,9.0625,7.26666666666667,"Europe & Central Asia"
9.33333333333333,9.05882352941176,6.07142857142857,8.92307692307692,2.1,9.0625,7.07692307692308,"Europe & Central Asia"
1.875,3.26666666666667,3.53846153846154,3.07142857142857,8,1.64705882352941,2.21428571428571,"Europe & Central Asia"
3.76923076923077,5.36363636363636,4.18181818181818,4.36363636363636,6.81818181818182,2.35294117647059,3.14285714285714,"Europe & Central Asia"
5.5,6.44444444444444,6.83333333333333,5.44444444444444,6.28571428571429,4.875,6,"East Asia & Pacific"
4.1,5.55555555555556,4.25,3.36363636363636,4,4.22222222222222,4.27272727272727,"East Asia & Pacific"
4,5.85714285714286,5.625,2.22222222222222,5.5,2.1,2.16666666666667,"East Asia & Pacific"
4.875,5.33333333333333,9,7.2,7.25,5.5,6,"East Asia & Pacific"
4.9,7.77777777777778,4.28571428571429,3.2,6.3,2.4,3.58333333333333,"East Asia & Pacific"
5.25,4.66666666666667,6.33333333333333,3.25,7.33333333333333,4.33333333333333,8.5,"East Asia & Pacific"
4.33333333333333,4,4,7,8,5,3,"East Asia & Pacific"
5.25,5.6,6.16666666666667,6.125,6.66666666666667,3.7,5.875,"East Asia & Pacific"
5.14285714285714,7.25,5.83333333333333,3.33333333333333,5.4,4.16666666666667,4.71428571428571,"East Asia & Pacific"
4,6.75,3,3.2,10,1.6,3.2,"Sub-Saharan Africa"
8.6,8.8,5.6,7.8,2,8.75,6.25,"Sub-Saharan Africa"
6.4,7.66666666666667,4.4,5,10,1.75,5.75,"Sub-Saharan Africa"
6,6.5,4,5,NA,2.75,3.33333333333333,"Sub-Saharan Africa"
5.83333333333333,7.66666666666667,3.33333333333333,4.5,10,1.6,4.25,"Sub-Saharan Africa"
5,8.33333333333333,2,1.75,9,1,5.5,"Sub-Saharan Africa"
5.66666666666667,8.66666666666667,2.6,1.5,8.8,0.6,3,"Sub-Saharan Africa"
4.5,5.66666666666667,4.5,5,8.33333333333333,1.33333333333333,3,"Sub-Saharan Africa"
7,6.75,5,7,5.5,9,5,"Sub-Saharan Africa"
3.5,8,2.75,2.33333333333333,8.66666666666667,1,3,"Sub-Saharan Africa"
8.5,10,6,7.5,3,9.33333333333333,3,"Sub-Saharan Africa"
8.1,8,3.3,4,6.5,3.625,2.8,"Europe & Central Asia"
7.63636363636364,8.07142857142857,3.55555555555556,4.42857142857143,7.44444444444444,3.5,3.81818181818182,"Europe & Central Asia"
5.88888888888889,3.77777777777778,5.88888888888889,5.42857142857143,5.16666666666667,4.14285714285714,7.375,"Europe & Central Asia"
5.25,6.22222222222222,6,7,5.14285714285714,4.18181818181818,7.66666666666667,"Europe & Central Asia"
8.5,8.53846153846154,2.58333333333333,3.41666666666667,7.58333333333333,3.375,3.18181818181818,"Europe & Central Asia"
5.36363636363636,4.875,3,3.16666666666667,5.5,2.11111111111111,7.14285714285714,"Europe & Central Asia"
3.33333333333333,4.66666666666667,3.25,2.44444444444444,2.22222222222222,3,2.92307692307692,"Latin America & Caribbean"
2.1,2.625,5.25,3.75,3.55555555555556,2.125,7.33333333333333,"Latin America & Caribbean"
1.6,1.83333333333333,5,4.25,3,1.9,4.75,"Latin America & Caribbean"
2.09090909090909,2,5,5.33333333333333,3.77777777777778,2.85714285714286,7.16666666666667,"Latin America & Caribbean"
6,4,5,2.2,5.66666666666667,2.71428571428571,1.63636363636364,"Latin America & Caribbean"
3.71428571428571,4.07142857142857,3.26086956521739,3.8695652173913,4,1.88571428571429,3.73170731707317,"North America"
7.825,8.125,3.73913043478261,4.53571428571429,7.93548387096774,8.51612903225806,8.225,"North America"
NA,NA,NA,NA,NA,NA,7,"Europe & Central Asia"
NA,0,NA,NA,NA,NA,7,"Europe & Central Asia"
NA,0,NA,NA,NA,NA,8,"Europe & Central Asia"
NA,0,NA,NA,NA,NA,8,"Europe & Central Asia"
4.26666666666667,7.81818181818182,3.72727272727273,5.5,5.3,1.76923076923077,6.11111111111111,"Latin America & Caribbean"
5,5,4,5.33333333333333,8,3,2.66666666666667,"Latin America & Caribbean"
9.26666666666667,9.42857142857143,3,4.27272727272727,8.63636363636364,8.64285714285714,1.33333333333333,"Latin America & Caribbean"
4.5,7.33333333333333,7.4,7.6,5,9.25,1.66666666666667,"East Asia & Pacific"
NA,NA,NA,NA,NA,NA,NA,"East Asia & Pacific"
10,10,5.5,8,2.5,8,9,"East Asia & Pacific"
2,3.5,1,1,5.66666666666667,0,1.5,"East Asia & Pacific"
3,NA,1,3.5,NA,2,6.66666666666667,"East Asia & Pacific"
NA,NA,NA,10,NA,NA,NA,"East Asia & Pacific"
4,3,1,6,3,7.5,9,"East Asia & Pacific"
3,NA,1,0,NA,2,1,"East Asia & Pacific"
10,10,5.5,8,2,8,10,"East Asia & Pacific"
4,6,5,6,3.66666666666667,9,NA,"East Asia & Pacific"
6,5.5,4,5.33333333333333,3.5,8,NA,"East Asia & Pacific"
NA,NA,NA,NA,NA,10,NA,"East Asia & Pacific"
10,7,10,9,1.66666666666667,5.25,4,"East Asia & Pacific"
3.5,10,2,0,5.66666666666667,2.25,4.5,"East Asia & Pacific"
NA,9,NA,NA,7,NA,7,"Middle East & North Africa"
NA,NA,NA,NA,NA,NA,2.5,"Middle East & North Africa"
NA,NA,NA,NA,NA,NA,2.5,"Middle East & North Africa"
NA,9,NA,NA,7,NA,7,"Middle East & North Africa"
NA,NA,NA,NA,NA,NA,NA,"Middle East & North Africa"
NA,NA,NA,NA,NA,NA,2,"Middle East & North Africa"
NA,NA,NA,NA,NA,NA,2,"Middle East & North Africa"
NA,NA,NA,NA,7,NA,4,"Middle East & North Africa"
NA,NA,NA,NA,7,NA,3,"Middle East & North Africa"
NA,9,NA,NA,7,NA,NA,"Middle East & North Africa"
3.46153846153846,4.06666666666667,5.54545454545455,6,6.6,2.36363636363636,7.57142857142857,"Sub-Saharan Africa"
3.5,4.83333333333333,3,4.16666666666667,8,2.5,4.25,"Sub-Saharan Africa"
5.38461538461539,5.90909090909091,3.06666666666667,3.42857142857143,3.61538461538462,4.81818181818182,3.05263157894737,"Sub-Saharan Africa"
3.33333333333333,4.36363636363636,3.625,4.3,6.28571428571429,2.28571428571429,5.83333333333333,"Sub-Saharan Africa"
2.7,3.29411764705882,5.6,5.66666666666667,6.57142857142857,1.83333333333333,7.46666666666667,"Sub-Saharan Africa"
8.75,8.71428571428571,2.83333333333333,3.17647058823529,7.14285714285714,4.66666666666667,1.30434782608696,"Sub-Saharan Africa"
3.11764705882353,5,5.3,6.5,7.2,1.9375,7.88235294117647,"Sub-Saharan Africa"
3.5,4.53846153846154,4.42857142857143,5.5,6.5,2.86666666666667,7.18181818181818,"Sub-Saharan Africa"
4.33333333333333,4.85714285714286,3.4,4,6.33333333333333,3.5,5.5,"Sub-Saharan Africa"
4,4.54545454545455,3.33333333333333,3.75,6.57142857142857,2.53846153846154,3.4,"Sub-Saharan Africa"
7,4,2.75,2.75,8,2.33333333333333,6.33333333333333,"Sub-Saharan Africa"
NA,NA,0,2,5.5,2,NA,"Sub-Saharan Africa"
1,5.66666666666667,4.75,2.66666666666667,7,3,5.75,"Sub-Saharan Africa"
8.66666666666667,8.33333333333333,5.33333333333333,4.75,3.25,7.8,3.66666666666667,"Sub-Saharan Africa"
4.75,6,4,4,8.5,2.83333333333333,8.33333333333333,"Sub-Saharan Africa"
5.25,7.42857142857143,2,3,8,2.5,4.5,"Sub-Saharan Africa"
5.81818181818182,6.8,4.33333333333333,4.5,7.375,1.7,7.1,"Sub-Saharan Africa"
4.42857142857143,5,4.11111111111111,3.28571428571429,8.8,1.14285714285714,7.33333333333333,"Sub-Saharan Africa"
8.5,8.5,9.07692307692308,9.08333333333333,5.22222222222222,8.84615384615385,4.15384615384615,"Sub-Saharan Africa"
